,,,,,Product List,,,,,,,,
Code,,Item Name,,,,Packing,,Purchase Rate,,,Sale Rate,,Image
32,,,tap filter brass,,,,1,,48,,,150,
33,,,"TFE check valve 1""",,,,1,,891,,,1350,
34,,,"RBS safety valve 1"" (heavy)",,,,1,,892.5,,,1300,
35,,,"super master sink tray 18"" x 36""",,,,1,,2240,,,3900,
36,,,"super master man hole 18"" (plastic)",,,,1,,1800,,,3000,
37,,,"super master bowl (60"" x 45"") 3mm",,,,1,,10000,,,15500,
38,,,"super master 12"" x 12"" (steel)",,,,1,,1240,,,2000,
39,,,ari frame (orange),,,,1,,330,,,550,
40,,,pop bag 50kg,,,,1,,600,,,850,
41,,,"naflo chain pipe 1-1/4""",,,,1,,825,,,1250,
42,,,naflo toilet shower complete,,,,1,,1375,,,2200,
43,,,polish metalic dabi,,,,1,,200,,,300,
44,,,"lag screw 3"" x 10",,,,1,,20,,,40,
45,,,"lag screw 4"" x 10",,,,1,,25,,,50,
46,,,"lag screw 1-1/4"" x 12",,,,1,,5.6,,,20,
47,,,"lag screw 3/4"" x 14",,,,1,,5.9,,,20,
48,,,"lag screw 1"" x 14",,,,1,,7.8,,,20,
49,,,"lag screw 2"" x 14",,,,1,,11.7,,,30,
50,,,"lag screw 4"" x 14",,,,1,,21.25,,,40,
51,,,"diamond master man hole 9""(steel)",,,,1,,770,,,1200,
52,,,hole saw (11pcs),,,,1,,600,,,850,
53,,,kavia paste,,,,1,,30,,,50,
54,,,dispenser dead nut,,,,1,,100,,,300,
55,,,washer element,,,,1,,20,,,50,
56,,,polish metalic silver pkt,,,,1,,79.7,,,120,
57,,,"meter regulater sparko 3/4""",,,,1,,350,,,600,
58,,,"JP exaust fan 8"" (plastic)",,,,1,,3819,,,4800,
59,,,"JP exaust fan 10"" (plastic)",,,,,,3945,,,4900,
60,,,ruber door (foam),,,,1,,90,,,150,
61,,,wall putty (Qtr.),,,,1,,175,,,300,
62,,,wall putty (gallon),,,,1,,400,,,600,
63,,,teflon tape (EZ),,,,1,,14.5,,,19,
64,,,coolar pump (12w) solar,,,,1,,580,,,900,
65,,,"pvc elbow 2""",,,,1,,81.12,,,120,
66,,,"pvc elbow 3""",,,,1,,164.84,,,190,
67,,,"pvc elbow 4""",,,,1,,239.72,,,260,
68,,,"pvc elbow 5""",,,,1,,441.48,,,500,
69,,,"pvc elbow 6""",,,,,,607.88,,,690,
70,,,"pvc elbow 2"" (45*)",,,,1,,70.72,,,120,
71,,,"pvc elbow 3"" (45*)",,,,1,,139.88,,,190,
72,,,"pvc elbow 4"" (45*)",,,,1,,200.2,,,250,
73,,,"pvc elbow 5"" (45*)",,,,1,,441.48,,,500,
74,,,"pvc elbow 6"" (45*)",,,,1,,607.88,,,690,
75,,,"pvc tee 2""",,,,1,,98.8,,,150,
76,,,"pvc tee 3""",,,,1,,215.8,,,290,
77,,,"pvc tee 4""",,,,1,,310.44,,,390,
78,,,"pvc tee 5""",,,,1,,817,,,980,
79,,,"pvc tee 6""",,,,1,,1175,,,1390,
80,,,"pvc plug tee 3""",,,,1,,295.36,,,380,
81,,,"pvc plug tee 4""",,,,1,,405.08,,,490,
82,,,"pvc plug tee 5""",,,,1,,897.52,,,990,
83,,,"pvc plug tee 6""",,,,1,,1086.8,,,1290,
84,,,pvc multi floor trap w/o jalo,,,,1,,626.6,,,690,
85,,,"pvc cowel 2""",,,,1,,44.2,,,90,
86,,,"pvc cowel 3""",,,,1,,86.32,,,120,
87,,,"pvc cowel 4""",,,,1,,106.08,,,150,
88,,,tester light,,,,1,,190,,,300,
89,,,wood proofer (orignal),,,,1,,425,,,700,
90,,,frame hook,,,,1,,5,,,10,
91,,,"pvc yee 2""",,,,1,,185.12,,,220,
92,,,"pvc yee 3""",,,,1,,259.48,,,320,
93,,,"pvc yee 4""",,,,1,,377,,,460,
94,,,"pvc yee 5""",,,,1,,780,,,980,
95,,,"pvc yee 6""",,,,1,,1115.4,,,1390,
96,,,"grinder nut 5"" (steel)",,,,1,,200,,,350,
97,,,grinder nut (plastic) pair,,,,1,,40,,,100,
98,,,"pvc p-trap 2"" (double)",,,,1,,177.84,,,250,
99,,,"pvc p-trap 3"" (double)",,,,1,,393.12,,,450,
100,,,"pvc p-trap 4"" (double)",,,,,,497.12,,,590,
101,,,"pvc clean out 3""",,,,1,,195.52,,,280,
102,,,"pvc mf elbow 3""",,,,1,,164.32,,,260,
103,,,"pvc end cap 2""",,,,1,,75.92,,,100,
104,,,"pvc end cap 3""",,,,1,,111.28,,,180,
105,,,"pvc end cap 4""",,,,1,,124.8,,,190,
106,,,"pvc end cap 5""",,,,1,,272.48,,,390,
107,,,"pvc end cap 6""",,,,1,,448.76,,,590,
108,,,"pvc off set 3""",,,,1,,243.36,,,320,
109,,,"pvc off set 4""",,,,1,,315.12,,,390,
110,,,"pvc socket 2""",,,,1,,60.32,,,90,
111,,,"pvc socket 3""",,,,1,,120.12,,,150,
112,,,"pvc socket 4""",,,,1,,172.64,,,250,
113,,,"pvc socket 5""",,,,1,,267.8,,,370,
114,,,"pvc socket 6""",,,,1,,396.24,,,490,
115,,,"pvc union 2""",,,,1,,350,,,380,
116,,,ppr pipe 25mm (PN -16),,,,1,,702,,,750,
117,,,ppr pipe 32mm (PN -16),,,,1,,1116,,,1190,
118,,,"driver screw 8"" (full rod)",,,,1,,350,,,500,
119,,,"driver screw 10"" (full rod)",,,,1,,375,,,550,
120,,,"driver screw 12"" (full rod)",,,,1,,400,,,600,
121,,,"pvc pipe 2"" (medium class)",,,,1,,820.26,,,1050,
122,,,"pvc pipe 3"" (medium class)",,,,1,,1145.88,,,1450,
123,,,"pvc pipe 4"" (medium class)",,,,1,,1634.58,,,1950,
124,,,"pvc pipe 5"" (medium class)",,,,1,,2290.14,,,2600,
125,,,"pvc pipe 6"" (medium class)",,,,,,3271.86,,,3800,
126,,,"gi elbow 1/2""",,,,1,,66.8,,,120,
127,,,"gi elbow 3/4""",,,,,,98.55,,,180,
128,,,"gi elbow 1""",,,,1,,178.02,,,290,
129,,,"gi elbow 1-1/4""",,,,1,,296,,,390,
130,,,"gi elbow 1-1/2""",,,,1,,481,,,550,
131,,,"gi elbow 2""",,,,1,,846,,,950,
132,,,"gi tee 1/2""",,,,1,,88.3,,,150,
133,,,"gi tee 3/4""",,,,1,,132.97,,,200,
134,,,"gi tee 1""",,,,1,,260.9,,,390,
135,,,"gi tee 1-1/4""",,,,1,,412.19,,,550,
136,,,"gi tee 1-1/2""",,,,1,,624,,,750,
137,,,"gi tee 2""",,,,1,,967,,,1090,
138,,,"gi socket 1/2""",,,,1,,58.9,,,100,
139,,,"gi socket 3/4""",,,,,,79.29,,,150,
140,,,"gi socket 1""",,,,1,,148.2,,,220,
141,,,"gi socket 1-1/4""",,,,1,,301,,,380,
142,,,"gi socket 1-1/2""",,,,1,,284,,,400,
143,,,"gi socket 2""",,,,1,,423.5,,,590,
144,,,"gi nipple 1/2""",,,,1,,60.3,,,100,
145,,,"gi nipple 3/4""",,,,1,,93.2,,,150,
146,,,"gi nipple 1""",,,,1,,161.42,,,220,
147,,,"gi nipple 1-1/4""",,,,1,,220.03,,,350,
148,,,"gi nipple 1-1/2""",,,,1,,375,,,450,
149,,,"gi nipple 2""",,,,1,,581,,,690,
150,,,"gi union 1/2""",,,,1,,300,,,390,
151,,,"gi union 3/4""",,,,1,,307.3,,,490,
152,,,"gi union 1""",,,,1,,422.9,,,580,
153,,,"gi union 1-1/4""",,,,1,,649.72,,,790,
154,,,"gi union 1-1/2""",,,,1,,1070,,,1250,
155,,,"gi union 2""",,,,1,,1520,,,1790,
156,,,"gi bend 1/2""",,,,1,,197,,,250,
157,,,"gi bend 3/4""",,,,1,,271,,,350,
158,,,"gi bend 1""",,,,1,,471,,,550,
159,,,"gi mf elbow 1/2""",,,,1,,84.64,,,160,
160,,,"gi mf elbow 3/4""",,,,,,163,,,220,
161,,,"gi mf elbow 1""",,,,1,,209.3,,,360,
162,,,"gi mf socket 1/2""",,,,1,,101,,,150,
163,,,"gi mf socket 3/4""",,,,1,,139,,,220,
164,,,"gi mf socket 1""",,,,1,,244,,,300,
165,,,"gi bush 1/2"" x 3/4""",,,,1,,26.9,,,90,
166,,,"gi bush 1"" x 3/4""",,,,1,,40.8,,,120,
167,,,"gi bush 1"" x 1/2""",,,,1,,44.49,,,120,
168,,,"gi bush 1-1/4"" x 1/2""",,,,1,,60,,,150,
169,,,"gi bush 1-1/4"" x 3/4""",,,,,,60,,,200,
170,,,"gi bush 1-1/4"" x 1""",,,,1,,123.83,,,200,
171,,,"gi bush 1-1/2"" x 1/2""",,,,1,,97,,,260,
172,,,"gi bush 1-1/2"" x 3/4""",,,,1,,97,,,280,
173,,,"gi bush 1-1/2"" x 1""",,,,1,,115,,,280,
174,,,"gi bush 1-1/2"" x 1-1/4""",,,,1,,120,,,300,
175,,,"gi bush 2"" x 1/2""",,,,1,,145,,,320,
176,,,"gi bush 2"" x 3/4""",,,,1,,146,,,350,
177,,,"gi bush 2""x 1""",,,,1,,203,,,450,
178,,,"gi bush 2"" x 1-1/4""",,,,1,,203,,,480,
179,,,"gi bush 2"" x 1-1/2""",,,,1,,206,,,480,
180,,,"gi plug 1/2"" ",,,,1,,15,,,40,
181,,,"gi plug 3/4"" ",,,,,,20,,,50,
182,,,"gi plug 1"" ",,,,1,,32.7,,,80,
183,,,"poly pipe 3/4"" grey",,,,1,,58,,,90,
184,,,"poly pipe 1"" grey",,,,1,,75,,,90,
185,,,"poly pipe 1-1/4"" grey",,,,1,,150,,,350,
186,,,"poly pipe 1-1/2"" grey",,,,1,,280,,,400,
187,,,"poly pipe 2"" grey",,,,1,,380,,,450,
188,,,"poly bend 3/4"" grey",,,,1,,6.8,,,25,
189,,,"poly bend 1"" grey",,,,1,,8,,,30,
190,,,"poly bend 1-1/4"" grey",,,,1,,25,,,50,
191,,,"poly bend 1-1/2"" grey",,,,1,,55,,,80,
192,,,"poly bend 2"" grey",,,,1,,75,,,100,
193,,,"poly socket 3/4"" grey",,,,1,,5,,,15,
194,,,"poly socket 1"" grey",,,,1,,8,,,20,
195,,,"poly socket 1-1/4"" grey",,,,1,,25,,,30,
196,,,"poly socket 1-1/2"" grey",,,,1,,40,,,60,
197,,,"poly socket 2"" grey",,,,1,,35,,,70,
198,,,"poly box 3 x 3"" grey",,,,1,,25,,,40,
199,,,"poly box 3 x 6"" grey",,,,1,,30,,,70,
200,,,"poly roof box 3/4 """,,,,1,,25,,,30,
201,,,"poly roof box 1 """,,,,1,,35,,,40,
202,,,"poly wall box 3/4 """,,,,1,,11,,,25,
203,,,"poly wall box 1""",,,,1,,15,,,30,
204,,,poly fan box (red),,,,1,,50,,,50,
205,,,extention,,,,1,,780,,,1300,
206,,,"ac drain pipe (24"") orignal",,,,1,,250,,,400,
207,,,"open box 4"" (flat)",,,,1,,55,,,100,
208,,,"open box 4"" (shelter)",,,,1,,50,,,100,
209,,,lock cylender small ,,,,1,,320,,,450,
210,,,lock cylender big,,,,1,,450,,,600,
211,,,"gi bush 1/4"" x 1/2""",,,,1,,30,,,80,
212,,,motor timer sheet,,,,1,,1150,,,1650,
213,,,board wood (S),,,,1,,270,,,450,
214,,,cloth brush hand,,,,1,,90,,,180,
215,,,chain pipe china (1 meter),,,,1,,220,,,500,
216,,,plastic pipe 1m (plastic nut),,,,1,,140,,,350,
217,,,spindal (local),,,,1,,118,,,250,
218,,,spindal (faisal),,,,1,,230,,,350,
219,,,catcher spindal,,,,1,,13.5,,,50,
220,,,tee cock (ARK),,,,1,,620,,,950,
221,,,capacitor 1.2uf,,,,1,,45,,,100,
222,,,capacitor 1.6uf,,,,1,,50,,,120,
1,,,"ac copper pipe 1/2""",,,,1,,245.8,,,300,
2,,,"ac copper pipe 1/4""",,,,1,,110,,,150,
3,,,ac tube cutter,,,,1,,380,,,500,
4,,,m4 x 20 & 22mm dzn.,,,,1,,27.5,,,50,
5,,,m4 x 25mm dzn.,,,,1,,29.5,,,60,
6,,,m4 x 30mm dzn.,,,,1,,33.25,,,60,
7,,,m4 x 35mm dzn.,,,,1,,37.375,,,80,
8,,,rail cock,,,,1,,340,,,550,
9,,,movilith glue 1/2 kg pkt.,,,,1,,310,,,390,
10,,,2 pin shoe (H),,,,1,,60,,,100,
11,,,lighter filling,,,,1,,180,,,350,
12,,,lighter electric,,,,1,,480,,,650,
13,,,cution gladers,,,,1,,5.5,,,10,
14,,,m4 x 40mm dzn.,,,,1,,51.625,,,100,
15,,,m4 x 50mm dzn.,,,,1,,62,,,120,
16,,,exelent bell push,,,,1,,418,,,600,
17,,,aa,,,,1,,0,,,0,
18,,,exelent light plug (ITC 22),,,,1,,541,,,750,
19,,,ac drain pipe (1 piece),,,,1,,30,,,50,
20,,,naryal brush,,,,1,,110,,,150,
21,,,"door brush china 42""",,,,1,,500,,,650,
22,,,shisha ruber,,,,1,,5.5,,,20,
23,,,filter jali (normal),,,,1,,200,,,350,
24,,,filter jali (heavy) CTO GAC,,,,1,,200,,,500,
25,,,"check valve 1"" (anchor)",,,,1,,450,,,700,
26,,,hamer (small),,,,1,,340,,,550,
27,,,hamer (big),,,,1,,420,,,600,
28,,,wire brush,,,,1,,55,,,100,
29,,,hamer normal,,,,1,,175,,,400,
30,,,super master 15x15 (steel),,,,1,,1672,,,2500,
31,,,super master 18x18 (steel),,,,1,,2100,,,3000,
223,,,capacitor 2.2uf,,,,1,,40,,,120,
224,,,capacitor 2.5uf,,,,1,,50,,,150,
225,,,capacitor 3.5uf,,,,1,,50,,,150,
226,,,capacitor 4.5uf,,,,1,,80,,,200,
227,,,capacitor 5uf,,,,1,,70,,,200,
228,,,capacitor 7.5uf,,,,1,,150,,,250,
229,,,capacitor 10uf,,,,1,,125,,,280,
230,,,capacitor 12uf,,,,1,,140,,,300,
231,,,capacitor 16uf,,,,1,,200,,,350,
232,,,capacitor 20uf,,,,1,,225,,,380,
233,,,capacitor 25uf,,,,1,,250,,,420,
234,,,capacitor 30uf,,,,1,,300,,,450,
235,,,capacitor 35uf,,,,1,,300,,,500,
236,,,"Grip plier black 10"" (1282)",,,,1,,600,,,900,
237,,,bearing 6202,,,,1,,70,,,180,
238,,,bearing 6203,,,,1,,90,,,200,
239,,,bearing 6204,,,,,,125,,,250,
240,,,mechanical seal,,,,1,,85,,,200,
241,,,motor seal,,,,1,,12,,,50,
242,,,ro faucet,,,,1,,1300,,,2000,
243,,,tap filter (big),,,,1,,100,,,200,
244,,,factor led (18w) diamond,,,,1,,380,,,600,
245,,,"RBS float valve 3/4"" (half bore)",,,,1,,857.5,,,1400,
246,,,"RBS float valve 1"" (half bore)",,,,1,,969.5,,,1450,
247,,,cable 7/44 (single),,,,1,,250,,,350,
248,,,"amir ball valve 1/2"" ",,,,1,,388,,,600,
249,,,"amir ball valve 3/4"" ",,,,1,,460,,,850,
250,,,parda ring (crome special),,,,1,,72,,,150,
251,,,neck super,,,,1,,576,,,950,
252,,,flexible neck china (crome),,,,1,,380,,,600,
253,,,Qanchi,,,,1,,190,,,300,
254,,,"presure pump lead 18""",,,,1,,2100,,,3500,
255,,,handle lock (N),,,,1,,650,,,1500,
256,,,filter chabi (big),,,,1,,333,,,500,
257,,,scale kanda clock (100 kg),,,,1,,1150,,,1450,
258,,,factor led (20w) blaz,,,,1,,413,,,650,
259,,,grip capsule light (15w),,,,,,732,,,1200,
260,,,khurpa (S),,,,1,,130,,,250,
261,,,factor led (60w) blaz,,,,1,,1265,,,1800,
262,,,"shisha exausat fan 6""",,,,1,,1775,,,2200,
263,,,"shisha exausat fan 8""",,,,1,,1875,,,2500,
264,,,stove single ,,,,1,,1200,,,2000,
265,,,change over (2 way),,,,1,,1250,,,2000,
266,,,lighter without gas,,,,1,,160,,,300,
267,,,factor bulb led (12w) ,,,,1,,150,,,300,
268,,,dk smd light (10w),,,,1,,240,,,380,
269,,,smd 7w without guarentee,,,,1,,100,,,200,
270,,,"smt disc stone 4"" (masala)",,,,1,,125,,,160,
271,,,kavia ,,,,1,,550,,,700,
272,,,spindal lever (handle) steel,,,,1,,280,,,600,
273,,,parda latoo (H),,,,1,,140,,,230,
274,,,hockey pipe (box),,,,1,,300,,,600,
275,,,gole lock (H),,,,1,,930,,,1400,
276,,,cloth wire(H),,,,1,,210,,,350,
277,,,cell (geyser),,,,1,,350,,,550,
278,,,shelf pin (china),,,,1,,5.5,,,10,
279,,,"rbs check valve 1""",,,,1,,380,,,660,
280,,,termite fighter (250ml) spray,,,,1,,200,,,350,
281,,,"hook rawal bolt (1/4"")",,,,1,,40,,,80,
282,,,"hook rawal bolt (5/16"")",,,,1,,48,,,100,
283,,,"hook rawal bolt (3/8"")",,,,1,,56,,,120,
284,,,hook # 8+10,,,,1,,5,,,15,
285,,,winner toilet shower CP ,,,,1,,180,,,700,
286,,,"jet showet 4""x 4"" steel",,,,1,,250,,,450,
287,,,"jet showet 6""x 6"" steel",,,,1,,578,,,800,
288,,,jet shower (faisal type),,,,1,,350,,,750,
289,,,fan dimer amson,,,,1,,184,,,300,
290,,,iron wire,,,,1,,210,,,300,
291,,,iron handle ,,,,1,,160,,,280,
292,,,hook pati,,,,1,,17,,,30,
293,,,hook electric,,,,1,,10.42,,,20,
294,,,cable 3/29 single,,,,1,,38.2353,,,70,
295,,,cable 7/29 single,,,,1,,60,,,120,
296,,,2 core 3/29 (cc),,,,1,,35,,,100,
297,,,2 core 7/29 (cc),,,,1,,25,,,80,
298,,,2 core 23/76 (flat),,,,1,,21,,,40,
299,,,2 core 40/76 (cc),,,,1,,30,,,60,
300,,,ac cable 110/76 (3 core),,,,1,,286.66,,,380,
301,,,spindal lever kit (blue),,,,1,,250,,,500,
302,,,"rbs float valve 3/4"" (VIP spring)",,,,1,,1316.38,,,1800,
303,,,schneider breaker 63Amp (2pole) ,,,,1,,800,,,1500,
304,,,"rbs float valve 1"" (VIP spring) apex",,,,1,,1912.3,,,2500,
305,,,steel washer (dabi),,,,1,,150,,,250,
306,,,schneider breaker 32Amp (2 pole),,,,1,,700,,,1000,
307,,,belt (sewing machine),,,,1,,30,,,150,
308,,,schneider breaker 63Amp (3 pole) ,,,,1,,1200,,,1800,
309,,,solar nut+bolt+washer,,,,1,,17,,,25,
310,,,schneider breaker 32Amp (3pole),,,,1,,1200,,,1800,
311,,,smd open 6w,,,,1,,500,,,650,
312,,,smd down light (multi color),,,,1,,280,,,460,
313,,,smd open 12w,,,,1,,640,,,850,
314,,,branji (loose),,,,1,,4,,,10,
315,,,lock cylender ( medium brass),,,,1,,355,,,500,
316,,,singhi under neck (heavy),,,,1,,950,,,1650,
317,,,"cp nozzle 1""",,,,1,,108,,,180,
318,,,"cp nozzle 1-1/2""",,,,1,,129.2,,,220,
319,,,"cp nozzle 2""",,,,1,,135,,,250,
320,,,"cp nozzle 3""",,,,1,,190,,,300,
321,,,"cp nozzle 4""",,,,1,,286,,,420,
322,,,"cp nozzle 6""",,,,1,,425,,,580,
323,,,motor cover,,,,1,,550,,,680,
324,,,presure pump (espa),,,,1,,3800,,,4500,
325,,,gainer pad lock 30mm ,,,,1,,180,,,280,
326,,,factor led (18w) lomo,,,,1,,325,,,480,
327,,,"filter elbow 1/2""x3/4""",,,,1,,150,,,250,
328,,,meter tape 16' (N),,,,1,,100,,,150,
329,,,meter tape 25',,,,1,,280,,,400,
330,,,meter tape 50' (plastic),,,,1,,230,,,400,
331,,,meter tape 100' (plastic),,,,1,,330,,,550,
332,,,saifan side push master,,,,1,,280,,,750,
333,,,teflon tape (heavy),,,,1,,14.5,,,40,
334,,,ppr pipe 25mm (PN-20),,,,1,,819,,,890,
335,,,ppr pipe 32mm (PN-20),,,,1,,1360,,,1450,
336,,,ppr elbow 25mm ,,,,1,,35,,,40,
337,,,ppr elbow 32mm ,,,,1,,61,,,70,
338,,,ppr elbow 40mm ,,,,1,,97,,,120,
339,,,ppr elbow 25mm (45*),,,,1,,48,,,60,
340,,,ppr elbow 32mm (45*),,,,1,,93,,,120,
341,,,ppr elbow 40mm (45*),,,,1,,124,,,150,
342,,,ppr tee 25mm ,,,,1,,42.16,,,60,
343,,,ppr tee 32mm ,,,,1,,81.22,,,100,
344,,,ppr tee 40mm ,,,,1,,124,,,160,
345,,,ppr socket 25mm ,,,,1,,25.42,,,30,
346,,,ppr socket 32mm ,,,,1,,45.88,,,60,
347,,,ppr socket 40mm ,,,,1,,81.84,,,120,
348,,,ppr union 25mm ,,,,1,,126.48,,,150,
349,,,ppr union 32mm ,,,,1,,201.5,,,240,
381,,,ppr tee 40mm x 32mm,,,,1,,154.38,,,190,
382,,,ppr socket 32mm x 25mm,,,,1,,42.16,,,60,
383,,,ppr socket 40mm x 25mm,,,,1,,57.04,,,80,
384,,,ppr socket 40mm x 32mm,,,,1,,76,,,100,
385,,,ppr gate valve 25mm,,,,1,,851.88,,,950,
386,,,ppr gate valve 32mm,,,,1,,1122.82,,,1250,
387,,,ppr gate valve 40mm,,,,1,,2537.04,,,2870,
388,,,ppr ball valve 25mm,,,,1,,311.86,,,450,
389,,,ppr ball valve 32mm,,,,1,,412.92,,,590,
390,,,ppr ball valve 40mm ,,,,1,,590,,,950,
391,,,"u clamp 1/2""",,,,1,,5.83,,,15,
392,,,"u clamp 3/4""",,,,1,,4,,,15,
393,,,"u clamp 1""",,,,1,,6.66,,,20,
394,,,"u clamp 1-1/4""",,,,1,,10,,,30,
395,,,"u clamp 1-1/2""",,,,1,,10,,,30,
396,,,"u clamp 2""",,,,1,,15.8333,,,40,
397,,,"u clamp 3""",,,,1,,16.666,,,50,
398,,,"u clamp 4""",,,,1,,20,,,100,
399,,,"u clamp 5""",,,,1,,25,,,100,
400,,,"u clamp 6""",,,,1,,40,,,120,
401,,,cylender burner (S),,,,1,,250,,,600,
402,,,cylender burner (L),,,,1,,750,,,1250,
403,,,"plastic pipe 24"" (plastic nut)",,,,1,,100,,,300,
404,,,"conection pipe 18"" (crome)",,,,1,,120,,,300,
405,,,"conection pipe 24"" (crome)",,,,1,,115,,,350,
406,,,conection pipe 1m (crome),,,,1,,170,,,450,
407,,,"duct 1/2"" (china) ",,,,1,,120,,,200,
408,,,current wire,,,,1,,200,,,300,
409,,,"gi socket 1-1/4"" x 1-2""",,,,1,,323,,,400,
410,,,"gi socket 1-1/4"" x 3/4""",,,,1,,323,,,400,
411,,,"gi tee 1-1/4"" x 1/2""",,,,1,,590,,,700,
412,,,"gi tee 1-1/4"" x 3/4""",,,,1,,590,,,700,
476,,,seat cover (heavy) ,,,,1,,750,,,1200,
477,,,pop,,,,1,,40,,,60,
478,,,wall coat (1kg),,,,1,,101,,,120,
479,,,tape (nitto+ bull),,,,1,,80,,,100,
480,,,"adjustable 6""",,,,1,,300,,,450,
481,,,"adjustable 8""",,,,1,,400,,,650,
482,,,"adjustable 10""",,,,1,,500,,,750,
483,,,"adjustable 12""",,,,1,,600,,,900,
484,,,"pipe wrench 8""",,,,1,,550,,,750,
485,,,"pipe wrench 10""",,,,1,,650,,,850,
486,,,"pipe wrench 12""",,,,1,,900,,,1100,
487,,,"pipe wrench 14""",,,,1,,1100,,,1500,
488,,,"pipe wrench 18""",,,,1,,1300,,,1700,
489,,,factor led (30w) blaz,,,,1,,640,,,980,
490,,,"pvc pipe 2"" (feet)",,,,1,,63.08,,,100,
491,,,"pvc pipe 3"" (feet)",,,,1,,92.3,,,140,
492,,,"pvc pipe 4"" (feet)",,,,1,,100,,,170,
493,,,"pvc pipe 5"" (feet)",,,,1,,205,,,290,
494,,,"pvc pipe 6"" (feet)",,,,1,,252,,,350,
495,,,"pvc plug elbow 3""",,,,1,,253.24,,,330,
496,,,"pvc plug elbow 4""",,,,1,,318.24,,,390,
497,,,"pvc plug elbow 5""",,,,1,,539.24,,,650,
498,,,"pvc plug elbow 6""",,,,1,,678.6,,,790,
499,,,"bush 1"" x 3/4"" ss",,,,1,,120,,,250,
500,,,"non return valve 1/2"" khokhar",,,,1,,452.4,,,700,
501,,,"non return valve 1""",,,,1,,806,,,1350,
502,,,"non return valve 1-1/4""",,,,1,,2200,,,2600,
503,,,sink waste jumbo (china),,,,1,,240,,,750,
504,,,basin waste,,,,1,,275,,,550,
505,,,sink waste (steel) misto,,,,1,,235,,,450,
506,,,sink waste (plastic),,,,1,,55,,,200,
507,,,winner toilet shower (color),,,,1,,120,,,500,
539,,,pendent holder,,,,1,,30,,,60,
540,,,ac kit silver 25feet,,,,1,,3750,,,4500,
541,,,"scotch tape2"" (60 yrd.) ",,,,1,,215,,,350,
542,,,piano button,,,,1,,25,,,50,
543,,,piano holder,,,,1,,25,,,50,
544,,,piano socket,,,,1,,25,,,50,
545,,,bell cover steel (small),,,,1,,350,,,500,
546,,,bell cover steel (bigl),,,,1,,400,,,600,
547,,,fridge bulb,,,,1,,46,,,60,
548,,,fan dimer (conect),,,,1,,100,,,300,
549,,,lamp holder,,,,1,,125,,,200,
550,,,"waste pipe 1-1/4"" (grey)",,,,1,,37,,,150,
551,,,"waste pipe 1-1/2"" (grey)",,,,1,,47,,,200,
552,,,comode washer (foam),,,,1,,20,,,100,
553,,,"brass nipple 1""",,,,1,,140,,,280,
554,,,"scotch tape2"" (150 yrd.) ",,,,1,,435,,,650,
555,,,plier (medium),,,,1,,450,,,600,
556,,,nose plier,,,,1,,330,,,550,
557,,,cable cutter (heavy),,,,1,,350,,,500,
558,,,"jamoor 8""",,,,1,,220,,,350,
559,,,flower cutter,,,,1,,550,,,700,
560,,,"Grip plier 10"" (1281)",,,,1,,560,,,850,
561,,,smt rivet gun (106 olympia),,,,1,,700,,,900,
562,,,tee pana + goti ,,,,1,,250,,,380,
563,,,"kateera 10""",,,,1,,800,,,1000,
564,,,"kateera 12""",,,,1,,960,,,1450,
565,,,silicone gun (medium),,,,1,,350,,,500,
566,,,"disc 4"" (regmar)",,,,1,,70,,,120,
567,,,guarden qanchi (heavy),,,,1,,1500,,,2500,
568,,,guarden qanchi (normal),,,,1,,900,,,1500,
569,,,"smt gunya 24""",,,,1,,760,,,950,
570,,,"paint brush 2"" (N)",,,,1,,40,,,100,
571,,,hamer ktc (M),,,,1,,550,,,750,
572,,,ceiling hole saw set (adjustable),,,,1,,450,,,750,
573,,,"hand level 12""",,,,1,,480,,,700,
574,,,drill chaka (heavy),,,,,,180,,,350,
575,,,basin bolt kit,,,,1,,75,,,250,
576,,,comode kit (ss),,,,1,,75,,,250,
577,,,"disc masala 7"" ( ragrai)",,,,1,,210,,,300,
578,,,zahid side pilar cock (aqua),,,,1,,1610,,,2500,
579,,,km pendent holder (H - 12),,,,1,,43,,,150,
580,,,"disc sjl  7""",,,,1,,350,,,750,
581,,,"disc 4"" ( jhari)",,,,1,,250,,,450,
582,,,"disc 5"" ( jhari)",,,,1,,350,,,500,
583,,,factor smd 7w (glow+clark),,,,1,,287,,,350,
584,,,factor smd 12w (glow+clark),,,,1,,350,,,450,
585,,,"disc steel 4"" (mm)",,,,1,,30,,,60,
586,,,glue gun,,,,1,,400,,,650,
587,,,"gunya steel 10""",,,,1,,150,,,300,
588,,,pilot set orignal,,,,1,,550,,,750,
589,,,Ari frame (medium),,,,1,,200,,,450,
590,,,ari blade,,,,1,,38.19,,,60,
591,,,imersion rod ,,,,1,,220,,,450,
592,,,"cutter cable 6""",,,,1,,400,,,650,
593,,,"cutter cable 8""",,,,1,,250,,,380,
594,,,cloth wire (N),,,,1,,190,,,300,
595,,,driver screw (two way),,,,1,,46,,,100,
596,,,plier (super),,,,1,,325,,,500,
597,,,"disc 4"" (marble)",,,,1,,450,,,700,
598,,,"disc steel 7"" (mm)",,,,1,,200,,,350,
599,,,ac copper rod,,,,1,,80,,,120,
600,,,"npi warma 6mm (6"")",,,,1,,190,,,280,
601,,,shoe 3pin light jpi & sbi ,,,,1,,135,,,200,
602,,,shoe 3 pin power(N),,,,1,,85,,,150,
667,,,sadal 10 mm,,,,1,,32.5,,,80,
668,,,"sadal 1/2""",,,,1,,61,,,100,
669,,,"sadal 3/4""",,,,1,,73.75,,,150,
670,,,"sadal 1""",,,,1,,86.25,,,180,
671,,,amber capacitor 5uf,,,,1,,180,,,250,
672,,,sea star filling (1 kg),,,,1,,155,,,200,
673,,,star led bulb 12w,,,,1,,150,,,250,
674,,,led tube double (4 feet) rock,,,,1,,900,,,1400,
675,,,power plug Rc,,,,1,,345,,,550,
676,,,extention (808) 4 yrd.,,,,1,,300,,,650,
677,,,extention board,,,,1,,545,,,900,
678,,,bracket fan clip,,,,1,,30,,,50,
679,,,kitchen shok,,,,1,,150,,,200,
680,,,gate lock (medium),,,,1,,1300,,,1750,
681,,,aa,,,,1,,0,,,0,
682,,,door stoper ZDN (H),,,,1,,250,,,350,
683,,,door stoper (N),,,,1,,120,,,250,
684,,,D lock,,,,1,,1250,,,1800,
685,,,DB box plastic,,,,1,,350,,,650,
686,,,tarpine oil 700ml,,,,1,,240,,,350,
687,,,sweep 600ml,,,,1,,100,,,200,
688,,,glue carelith (1/2 kg pkt.),,,,1,,160,,,300,
689,,,glue carelith (1 kg pkt.),,,,1,,280,,,450,
690,,,tri circle pad lock 25mm (black),,,,1,,75,,,100,
691,,,tri circle pad lock 32mm (black),,,,1,,120.8,,,200,
692,,,tri circle pad lock 38mm (black),,,,1,,154.16,,,250,
693,,,"draz lock 3/4"" (N)",,,,1,,95.8333,,,250,
694,,,conection washer ,,,,1,,10,,,50,
695,,,"nalka mixer 6"" (normal)",,,,1,,1150,,,2500,
696,,,"push waste 4""",,,,1,,450,,,700,
697,,,cell big (D size) ,,,,1,,100,,,150,
698,,,uniqe saifan golden ,,,,1,,220,,,600,
350,,,ppr union 40mm ,,,,1,,261.02,,,350,
351,,,ppr end cap 25mm ,,,,1,,26.66,,,40,
352,,,ppr end cap 32mm ,,,,1,,42.16,,,60,
353,,,ppr clamp 25mm ,,,,1,,16.12,,,30,
354,,,ppr clamp 32mm ,,,,1,,21.7,,,40,
355,,,"ppr elbow 25mm x 1/2""",,,,1,,162.44,,,190,
356,,,"ppr elbow 25mm x 3/4""",,,,1,,199.64,,,230,
357,,,"ppr elbow 32mm x 1/2""",,,,1,,266.6,,,300,
358,,,"ppr elbow 32mm x 3/4""",,,,1,,305.66,,,350,
359,,,"ppr elbow 32mm x 1""",,,,1,,395.56,,,440,
360,,,"ppr elbow 40mm x 1""",,,,1,,585.28,,,660,
361,,,"ppr elbow 40mm x 1-1/4""",,,,1,,827.08,,,940,
362,,,"ppr tee 25mm x 1/2""",,,,1,,178.56,,,220,
363,,,"ppr tee 25mm x 3/4""",,,,1,,235.6,,,290,
364,,,"ppr tee 32mm x 1/2""",,,,1,,274.04,,,350,
365,,,"ppr tee 32mm x 3/4""",,,,1,,325.5,,,390,
366,,,"ppr tee 32mm x 1""",,,,1,,504.06,,,590,
367,,,"ppr tee 40mm x 1""",,,,1,,721.06,,,850,
368,,,"ppr tee 40mm x 1-1/4""",,,,1,,851.88,,,950,
369,,,"ppr socket 25mm x 1/2""",,,,1,,144.46,,,170,
370,,,"ppr socket 25mm x 3/4""",,,,1,,188.48,,,220,
371,,,"ppr socket 32mm x 1/2""",,,,1,,235.6,,,280,
372,,,"ppr socket 32mm x 3/4""",,,,1,,290.16,,,350,
373,,,"ppr socket 32mm x 1""",,,,1,,381.91,,,430,
374,,,"ppr socket 40mm x 1""",,,,1,,454.46,,,590,
375,,,"ppr socket 40mm x 1-1/4""",,,,1,,772.52,,,890,
376,,,ppr elbow 32mm x 25mm,,,,1,,75.64,,,90,
377,,,ppr elbow 40mm x 32mm,,,,1,,141.36,,,160,
378,,,ppr elbow 40mm x 25mm,,,,1,,102,,,150,
379,,,ppr tee 32mm x 25mm,,,,1,,84.32,,,130,
380,,,ppr tee 40mm x 25mm,,,,1,,144.46,,,180,
413,,,"gi tee 1-1/4"" x 1""",,,,1,,590,,,750,
414,,,"gi bend  1-1/4"" ",,,,1,,496,,,700,
415,,,"gi elbow  1/2"" x 3/4""",,,,1,,164,,,230,
416,,,"gi elbow  1"" x 1/2""",,,,1,,273,,,350,
417,,,"gi tee 1/2"" x 3/4""",,,,1,,223,,,290,
418,,,"gi tee 1"" x 3/4""",,,,1,,389,,,450,
419,,,"gi tee 1"" x 1/2""",,,,1,,389,,,450,
420,,,"gi elbow 1"" x 3/4""",,,,1,,273,,,350,
421,,,"gi socket 1"" x 3/4""",,,,1,,135,,,250,
422,,,"gi socket 1"" x 1/2""",,,,1,,206,,,260,
423,,,"gi socket 1/2"" x 3/4""",,,,1,,206,,,250,
424,,,"gi cross bend 3/4""",,,,1,,436,,,550,
425,,,wall shower rod 4' (master),,,,1,,500,,,3000,
426,,,"gi socket 1-1/4"" x 1""",,,,1,,323,,,400,
427,,,"pump nozle 1""",,,,1,,38,,,100,
428,,,"pump nozle 1"" x 3/4""",,,,1,,38,,,100,
429,,,"pump nozle 3/4""",,,,1,,24,,,80,
430,,,"pump nozle 1/2""",,,,1,,19,,,60,
431,,,safety jacket,,,,,,235,,,350,
432,,,ppr elbow 50mm,,,,1,,192.2,,,250,
433,,,ppr bend 25mm,,,,1,,97.34,,,150,
434,,,ppr bend 32mm,,,,1,,164.3,,,200,
435,,,"gi elbow 1-/4""x3/4""",,,,1,,390,,,480,
436,,,ppr pipe 40mm (PN-16),,,,1,,1803,,,1980,
437,,,ppr pipe 25mm (feet),,,,1,,54,,,80,
438,,,ppr pipe 32mm (feet),,,,1,,85.84,,,120,
439,,,ppr pipe 40mm (feet),,,,1,,160,,,200,
440,,,"pvc elbow 3"" x 2""",,,,1,,168.48,,,220,
441,,,"pvc elbow 4"" x 3""",,,,1,,221,,,290,
442,,,"pvc elbow 4"" x 2""",,,,1,,209.56,,,280,
443,,,"pvc tee 3"" x 2""",,,,1,,215,,,250,
508,,,"alpine waste pipe 1-1/4""",,,,1,,42,,,250,
509,,,"TFE socket valve 1""",,,,1,,1283,,,1650,
510,,,"socket valve 1-1/4"" Sb",,,,1,,1300,,,2500,
511,,,"amir ball valve 1-1/4""",,,,1,,1240,,,2500,
512,,,"amir ball valve 1-1/2""",,,,1,,1500,,,2900,
513,,,"amir ball valve 2"" ",,,,1,,1800,,,3200,
514,,,floor waste (plastic),,,,1,,95,,,350,
515,,,door bell amson ,,,,1,,300,,,450,
516,,,ac cable 110/76 (2core),,,,1,,178,,,300,
517,,,comode washer (silicone),,,,1,,50,,,100,
518,,,drain pipe (multi) wm,,,,1,,65,,,150,
519,,,"mixer pipe 18"" (crome)",,,,1,,300,,,700,
520,,,dispensor bottle handle ,,,,1,,170,,,300,
521,,,daba steel nail (taiwan),,,,1,,490,,,600,
522,,,"daba steel nail (taiwan) 5"" & 6""",,,,1,,550,,,650,
523,,,"steel nail 1"" (Dzn.)",,,,1,,16,,,40,
524,,,"steel nail 1.5"" (Dzn.)",,,,1,,28,,,60,
525,,,"steel nail 2"" (Dzn.)",,,,1,,50,,,80,
526,,,"steel nail 2.5"" (Dzn.)",,,,1,,37,,,120,
527,,,"steel nail 3"" (Dzn.)",,,,1,,70,,,150,
528,,,"steel nail 4"" (Dzn.)",,,,1,,110,,,240,
529,,,"steel nail 5"" (Dzn.)",,,,1,,160,,,300,
530,,,"steel nail 6"" (Dzn.)",,,,1,,200,,,360,
531,,,Tiki holder,,,,1,,62.5,,,100,
532,,,Lumino down light (7w),,,,1,,210,,,300,
533,,,sova smd panel light (12w),,,,1,,550,,,650,
534,,,smd pololite 18w (anda),,,,1,,310,,,450,
535,,,multi shoe (S),,,,1,,120.8333,,,200,
536,,,cell toshiba AA & AAA,,,,1,,31.5,,,50,
537,,,pendent holder (wire),,,,1,,165,,,450,
538,,,convertor pin - thread,,,,1,,30,,,80,
603,,,mobile multi,,,,1,,35,,,80,
604,,,2 pin holder,,,,1,,43.333,,,80,
605,,,L pipe gyser,,,,1,,150,,,300,
606,,,tri circle pad lock 63mm (black),,,,1,,341,,,500,
607,,,"mixer pipe 1/2"" (crome) 1pcs.",,,,1,,440,,,900,
608,,,"patra jali 3""",,,,1,,33,,,60,
609,,,"patra jali 4""",,,,1,,39,,,80,
610,,,gutka,,,,1,,19,,,40,
611,,,uniqe seat cover nut (universal),,,,1,,60,,,150,
612,,,wm pipe (2m),,,,1,,750,,,1000,
613,,,"uniqe comode nut 4""(pair)",,,,1,,45,,,250,
614,,,cp cup (small),,,,1,,8,,,30,
615,,,cp cup (medium),,,,1,,40,,,100,
616,,,cp cup (large),,,,1,,70,,,200,
617,,,mashallah (silver),,,,1,,4000,,,5000,
618,,,"rawal bolt 1/4""",,,,1,,18,,,30,
619,,,"rawal bolt 5/16""",,,,1,,22,,,30,
620,,,"rawal bolt 3/8""",,,,1,,27,,,40,
621,,,"brass elbow 1/2""",,,,1,,170,,,280,
622,,,"brass tee 1/2""",,,,1,,450,,,450,
623,,,"brass MF elbow 1/2""",,,,1,,130,,,350,
624,,,"brass nipple 1/2""",,,,1,,40,,,220,
625,,,wall shower nut,,,,1,,90,,,250,
626,,,chand washer set (master),,,,1,,130,,,300,
627,,,chand washer set,,,,1,,110,,,250,
628,,,shisha u bracket (12mm),,,,1,,70,,,250,
629,,,mirror clip (plastic),,,,1,,17.5,,,50,
630,,,mosketo rod (1 feet) slim,,,,1,,210,,,380,
631,,,goda pair (steel),,,,1,,100,,,350,
632,,,goda pair (BIG),,,,1,,330,,,600,
633,,,ac choki bracket ,,,,1,,570,,,950,
634,,,pipe joint,,,,1,,10,,,50,
699,,,saifan IFO (complete),,,,1,,220,,,650,
700,,,saifan IFO (plunger),,,,1,,150,,,450,
701,,, uniqe saifan universal (grey) ,,,,1,,400,,,1000,
702,,,"binding tape 1.5"" (15yrd.)",,,,1,,160,,,350,
703,,,double nozle,,,,1,,170,,,300,
704,,,wire drain opening,,,,1,,200,,,450,
705,,,uniqe float valve (khara),,,,1,,115,,,350,
706,,,float valve pata (china),,,,1,,240,,,600,
707,,,factor led (50w) blaz,,,,1,,1070,,,1600,
708,,,uniqe Taj push (laltain),,,,1,,60,,,250,
709,,,tape (osaka),,,,1,,43,,,50,
710,,,ruber (black) ,,,,1,,15,,,30,
711,,,"Hose pipe 3/4"" (accufit) 2.5 mm",,,,1,,39.1666,,,60,
712,,,tes 1 Gang,,,,1,,109.2,,,350,
713,,,tes 2 Gang,,,,1,,129,,,380,
714,,,tes 3 Gang,,,,1,,160,,,390,
715,,,tes 4 Gang,,,,1,,178,,,450,
716,,,tes 6 Gang,,,,1,,267,,,750,
717,,,tes 8 Gang,,,,1,,298,,,790,
718,,,tes 10 Gang,,,,1,,341,,,950,
719,,,tes 1+1,,,,1,,165,,,350,
720,,,tes 2+1,,,,1,,193,,,390,
721,,,tes 2+2,,,,11,,238,,,490,
722,,,tes 3+1,,,,1,,178,,,450,
723,,,tes 4+2,,,,1,,347,,,750,
724,,,tes 5+1,,,,1,,347,,,750,
725,,,tes 6+2,,,,,,416,,,1540,
726,,,tes 7+1,,,,1,,298,,,880,
727,,,tes 8+2,,,,1,,437,,,950,
728,,,tes 9+1,,,,1,,341,,,950,
729,,,tes 2 way,,,,1,,165,,,390,
730,,,tes bell push (single),,,,1,,202,,,450,
763,,,polo 2 way,,,,1,,167,,,555,
764,,,tester (afco),,,,1,,45,,,60,
765,,,basin mixer (super asia),,,,1,,1475,,,2200,
766,,,"parda bracket 1"" (DEGI)",,,,1,,85,,,150,
767,,,"bush 1/2"" x 3/4"" ss",,,,1,,140,,,250,
768,,,sink mixer lever (china),,,,1,,3000,,,5500,
769,,,extention 928 book,,,,1,,360,,,700,
770,,,float switch (E con),,,,1,,600,,,1200,
771,,,sea star silicone bottle GP,,,,1,,320,,,380,
772,,,amber capacitor 6uf,,,,,,190,,,260,
773,,,"tanki bush 1/2"" x 3/4""",,,,1,,75,,,280,
774,,,sea star spacer,,,,1,,95,,,150,
775,,,thimble (wonder),,,,1,,185,,,450,
776,,,"tower bolt 4""",,,,1,,97,,,150,
777,,,"tower bolt 6""",,,,1,,145,,,200,
778,,,"tower bolt 8""",,,,1,,194,,,250,
779,,,"tower bolt 12""",,,,1,,252,,,600,
780,,,parda bracket (double),,,,1,,140,,,220,
781,,,"brass nipple 3/4""",,,,1,,120,,,200,
782,,,"spacer 1"" china",,,,1,,55,,,100,
783,,,"spacer 1-1/2"" china",,,,1,,70,,,120,
784,,,"spacer 2"" china",,,,1,,80,,,150,
785,,,ball catcher china,,,,1,,190,,,350,
786,,,ppr pipe 40mm (pn-20),,,,1,,2068,,,2250,
787,,,sink waste plastic,,,,1,,29,,,100,
788,,,"exelent box 3 x6""",,,,1,,40,,,60,
789,,,dawn seat cover (IFO),,,,1,,840,,,1250,
790,,,bed switch,,,,1,,41.666,,,80,
791,,,"super master sink bowl 13""x16"" (H)",,,,1,,2150,,,3800,
792,,,"loose screw 1/2"" dzn.",,,,1,,10,,,30,
793,,,"super master sink bowl 14""x17"" (H)",,,,1,,2000,,,3800,
794,,,meter box (normal),,,,1,,1000,,,1450,
795,,,board wood (M),,,,1,,380,,,550,
796,,,duct 40x40 (china) ,,,,1,,500,,,850,
797,,,"duct 3/4"" (china) ",,,,1,,180,,,280,
798,,,"duct 1"" (china) ",,,,1,,200,,,450,
799,,,capacitor 4.5uf,,,,1,,70,,,200,
800,,,"draz lock 3/4"" (H)",,,,1,,183.33,,,350,
801,,,solution 70 grm,,,,1,,79.1666,,,150,
802,,,solution 125 grm,,,,1,,158.333,,,350,
803,,,solution 250 grm,,,,1,,230,,,450,
804,,,solution 500 grm,,,,1,,460,,,750,
805,,,machine lock (normal),,,,1,,300,,,750,
806,,,machine lock (heavy),,,,1,,450,,,900,
807,,,goda washer,,,,1,,12.5,,,40,
808,,,"packing tape 2"" (25 & 30 yrd.)",,,,1,,95,,,250,
809,,,green jali (feet),,,,1,,87.8787,,,150,
810,,,"loose screw 3/4"" dzn.",,,,1,,15,,,30,
811,,,"Fan rod 18"" (normal)",,,,1,,160,,,250,
812,,,spray paint golden+crome,,,,1,,440,,,480,
813,,,thermal role,,,,1,,190,,,220,
814,,,gmsa silicone bottle,,,,1,,330,,,450,
815,,,silicone tube (small),,,,1,,60,,,100,
816,,,silicone tube (big),,,,1,,110,,,150,
817,,,smd panel light (6w),,,,1,,300,,,480,
818,,,"masking tape 2""(25 yrd.)",,,,1,,150,,,250,
819,,,"wall tiki 4""",,,,1,,38,,,60,
820,,,electric heater (rod),,,,1,,80,,,220,
821,,,uniqe double push (S) china,,,,1,,170,,,350,
822,,,uniqe double push (M) china,,,,1,,150,,,400,
823,,,uniqe double push (L) china,,,,1,,160,,,450,
824,,,handle dasti (S),,,,1,,50,,,90,
825,,,handle dasti (M),,,,1,,70,,,150,
826,,,handle dasti (L),,,,1,,90,,,180,
827,,,"JP ceiling exaist fan 10""",,,,1,,3480,,,4800,
828,,,"nalka mixer 12"" heavy",,,,1,,3800,,,6500,
829,,,wire lock (heavy),,,,1,,550,,,750,
830,,,factor led (40w) blaz,,,,1,,850,,,1250,
831,,,"patra jali 4"" (heavy)",,,,1,,60,,,150,
832,,,"disc 7"" (hengleda)",,,,1,,950,,,1250,
833,,,wire lock (medium),,,,1,,450,,,650,
834,,,"nalka mixer 6"" heavy",,,,1,,1950,,,3500,
835,,,gate lock (Heavy),,,,1,,1850,,,2800,
836,,,"TFE safety valve 1/2"" spell",,,,1,,543,,,790,
837,,,ac remote (stand),,,,1,,110,,,200,
838,,,jharu phool (H),,,,1,,300,,,450,
839,,,presure car washer (olym.881),,,,1,,10800,,,12000,
840,,,star master cito (one piece) ,,,,1,,9193,,,14500,
841,,,star master cito (two piece),,,,1,,7700,,,10500,
842,,,shoe 3 pin power(M),,,,1,,110,,,200,
843,,,plastic sheet color (kg),,,,1,,200,,,250,
844,,,eflux moon light 12w,,,,1,,305,,,400,
845,,,zahid bib cock aqua (nozle),,,,1,,915,,,1300,
846,,,cob light (3w),,,,1,,175,,,300,
847,,,driver screw ,,,,1,,125,,,250,
848,,,dada pump (elec.),,,,1,,750,,,1500,
849,,,hamer ruber (big),,,,1,,400,,,550,
850,,,latoo draz black,,,,1,,55,,,100,
851,,,meter coupling,,,,1,,100,,,200,
852,,,vanity mixer china (long),,,,1,,2750,,,5500,
853,,,"nalka mixer 12"" (medium)",,,,1,,2850,,,5500,
854,,,"packing tape 2"" (60yrd)",,,,1,,200,,,450,
855,,,"scotch tape 1"" (40yrd)",,,,1,,90,,,220,
444,,,"pvc tee 4"" x 2""",,,,1,,434,,,490,
445,,,"pvc tee 4"" x 3""",,,,1,,440,,,500,
446,,,"pvc tee 5"" x 4""",,,,1,,1004,,,1200,
447,,,"pvc tee 6"" x 4""",,,,1,,1292,,,1550,
448,,,"pvc yee 3"" x 2""",,,,1,,261.04,,,350,
449,,,"pvc yee 4"" x 2""",,,,1,,315.12,,,390,
450,,,"pvc yee 4"" x 3""",,,,1,,326.04,,,450,
451,,,"pvc yee 6"" x 4""",,,,1,,945.88,,,1280,
452,,,"pvc socket 3""x 2""",,,,1,,93.6,,,150,
453,,,"pvc socket 4""x 3""",,,,1,,139.36,,,220,
454,,,"pvc socket 4""x 2""",,,,1,,127.4,,,200,
455,,,"pvc side socket 4""x 2""",,,,1,,157,,,190,
456,,,"pvc bush 3""x 2""",,,,1,,141,,,190,
457,,,"pvc bush 4""x 3""",,,,1,,177,,,220,
458,,,"pvc bush 4""x 2""",,,,1,,191,,,250,
459,,,"pvc bush 5""x 4""",,,,1,,310,,,380,
460,,,"pvc bush 6""x 4""",,,,1,,410,,,490,
461,,,wind multi light plug (single),,,,1,,315,,,480,
462,,,wind power plug ,,,,1,,318,,,480,
463,,,acid tiger (big),,,,1,,30,,,40,
464,,,"gas valve 1/4"" IA",,,,1,,340,,,550,
465,,,gmsa elfy 2.5grm,,,,1,,22,,,40,
466,,,paper cutter (normal),,,,1,,32,,,100,
467,,,dhaga,,,,1,,7,,,20,
468,,,grease,,,,1,,70.8333,,,100,
469,,,bib cock (rozee),,,,1,,505,,,750,
470,,,tee cock (rozee),,,,1,,505,,,750,
471,,,paper cutter blade,,,,1,,10,,,30,
472,,,"gi cross bend 1""",,,,1,,220,,,350,
473,,,regmar pata / feet,,,,1,,30,,,100,
474,,,jet stove,,,,1,,13.5,,,50,
475,,,jet shower,,,,1,,190,,,500,
635,,,"paint brush 3"" (N)",,,,1,,90,,,180,
636,,,"juiblee clamp 5/8""",,,,1,,10.5,,,20,
637,,,"juiblee clamp 1""",,,,1,,12,,,25,
638,,,"juiblee clamp 1-1/4""",,,,1,,26,,,50,
639,,,"gas nozle 1/4""",,,,1,,10,,,50,
640,,,"gas nozle 1/2""",,,,1,,16,,,50,
641,,,gas tee ,,,,1,,10,,,50,
642,,,gas joint,,,,1,,6,,,30,
643,,,gutka 25mm,,,,1,,110,,,250,
644,,,gutka 32mm,,,,1,,180,,,280,
645,,,gutka 40mm,,,,1,,226,,,350,
646,,,gutka 50mm,,,,1,,305,,,450,
647,,,gutka 63mm,,,,1,,400,,,550,
648,,,"binding tape 2"" (20yrds.)",,,,1,,295,,,480,
649,,,Wahu pad lock 30mm,,,,1,,225,,,380,
650,,,Wahu pad lock 40mm,,,,1,,300,,,480,
651,,,Wahu pad lock 50mm,,,,1,,335,,,580,
652,,,Wahu pad lock 60mm,,,,1,,380,,,680,
653,,,door bell wireless,,,,1,,640,,,900,
654,,,samad bond tube 40grm.(M),,,,1,,110,,,150,
655,,,acid tiger (small) b-clean,,,,1,,20.8333,,,30,
656,,,randa belt (normal),,,,1,,70,,,150,
657,,,randa belt (heavy),,,,1,,150,,,250,
658,,,"ppr plug 3/4""",,,,1,,17.36,,,50,
659,,,belt ,,,,1,,3.5,,,6,
660,,,"pipe nipple 1/2""",,,,1,,7.66,,,20,
661,,,"pipe nipple 3/4""",,,,1,,10,,,30,
662,,,"pipe nipple 1""",,,,1,,16.3333,,,40,
663,,,"pipe nipple 1-1/4""",,,,1,,32.4,,,70,
664,,,"pipe nipple 1-1/2""",,,,1,,35,,,90,
665,,,"pipe nipple 2""",,,,1,,44,,,100,
666,,,sadal ,,,,1,,24.375,,,50,
731,,,tes bell push (double),,,,1,,178,,,490,
732,,,tes tv,,,,1,,129,,,390,
733,,,tes light plug,,,,1,,238,,,650,
734,,,tes tel,,,,1,,138,,,390,
735,,,tes power plug,,,,1,,246,,,550,
736,,,tes fan dimer,,,,1,,180,,,300,
737,,,wind multi light plug (double),,,,1,,568.5,,,850,
738,,,ac bracket (M),,,,1,,580,,,750,
739,,,Db box 6 breakers (04 connect),,,,1,,1300,,,1800,
740,,,Db box 9 breakers (07 connect),,,,1,,1575,,,2200,
741,,,Db box 12 breakers (010 connect),,,,1,,1755,,,2500,
742,,,Db box 15 breakers (013 local),,,,1,,1500,,,2800,
743,,,Db box 22 breakers (019 connect),,,,1,,3430,,,4500,
744,,,Db box 1meter (9R connect),,,,1,,3430,,,5000,
745,,,tri circle pad lock 50mm (black),,,,1,,250,,,400,
746,,,vanity mixer medium,,,,1,,2200,,,4500,
747,,,magic depoxy (small),,,,1,,55,,,100,
748,,,"chenab motor 1/2"" HP",,,,1,,9000,,,12000,
749,,,"chenab motor 1"" HP",,,,1,,12000,,,18000,
750,,,drill chaka 10mm,,,,1,,140,,,350,
751,,,"plug 1-1/4"" gi",,,,1,,53,,,100,
752,,,"plug 1-1/2"" gi",,,,1,,53,,,120,
753,,,"plug 2"" gi",,,,1,,106,,,180,
754,,,polo 7+1,,,,1,,420,,,1395,
755,,,polo 5+1,,,,1,,370,,,1235,
756,,,polo 2 gang,,,,1,,162,,,540,
757,,,polo tv +tel,,,,1,,264,,,880,
758,,,combination spaner 6mm,,,,1,,100,,,180,
759,,,wind fan dimer,,,,1,,135,,,250,
760,,,combination spaner 7mm,,,,1,,110,,,190,
761,,,air coolar knob,,,,1,,7,,,50,
762,,,polo 1+1,,,,1,,167,,,555,
856,,,"scotch tape 2"" (40yrd)",,,,1,,165,,,300,
857,,,deco set (rubicon),,,,1,,80,,,150,
858,,,scraper patra,,,,1,,43.8333,,,60,
859,,,steel nail washer (dzn),,,,1,,15,,,50,
860,,,naflo hand shower (crome),,,,1,,1635,,,2500,
861,,,aa,,,,1,,0,,,10,
862,,,naflo jet shower prime (crome),,,,1,,665,,,1500,
863,,,naflo jet shower ghori (plastic),,,,1,,460,,,700,
864,,,naflo waste pipe (jumbo),,,,1,,117.5,,,250,
865,,,naflo waste pipe (small),,,,1,,95,,,200,
866,,,enamel (dabi),,,,1,,160,,,250,
867,,,enamel (Qtr.),,,,1,,480,,,800,
868,,,wm pipe (3m),,,,1,,850,,,1300,
869,,,"baitun tee 1""",,,,1,,11.7,,,20,
870,,,saifan tiki ( blue),,,,1,,280,,,500,
871,,,"dabi screw 3/4"" x 6",,,,1,,84,,,120,
872,,,sink bowl 15 x 19 (blue),,,,1,,1640,,,3200,
873,,,"loose screw 1"" dzn.",,,,1,,20,,,40,
874,,,cell bell (23A+27A),,,,1,,70,,,150,
875,,,"loose screw 1-1/4"" dzn.",,,,1,,25,,,60,
876,,,gainer pad lock 40mm ,,,,1,,300,,,480,
877,,,"loose screw 1-1/2"" dzn.",,,,1,,30,,,60,
878,,,"loose screw 2"" dzn.",,,,1,,40,,,80,
879,,,wiper (H),,,,1,,350,,,550,
880,,,wiper (M),,,,1,,220,,,400,
881,,,wiper (N),,,,1,,180,,,350,
882,,,wiper brush (M),,,,1,,170,,,350,
883,,,brush toilet,,,,1,,125,,,200,
884,,,jharu (normal),,,,1,,100,,,200,
885,,,wiper brush (H),,,,1,,200,,,350,
886,,,knob stove steel (H),,,,1,,125,,,200,
950,,,zahid wall shower (profit),,,,1,,5100,,,8000,
951,,,zahid wall shower (aqua),,,,1,,4600,,,7500,
952,,,double bib cock (normal),,,,1,,1180,,,1900,
953,,,Lpg cylender (2 kg),,,,1,,1750,,,2500,
954,,,Lpg cylender (4 kg),,,,1,,2200,,,3000,
955,,,Lpg cylender (6 kg),,,,1,,2650,,,3500,
956,,,level pipe,,,,1,,7.5,,,30,
957,,,shoe exelent 3 pin power(15a),,,,1,,194,,,300,
958,,,neck fancy china,,,,1,,435,,,1300,
959,,,"nails 5""",,,,1,,5,,,10,
960,,,mop duster (H),,,,1,,450,,,650,
961,,,"disc 5"" regmar",,,,1,,150,,,250,
962,,,sufeda ,,,,1,,41.666,,,100,
963,,,wm pipe (5m),,,,1,,1400,,,1600,
964,,,"steel washer 1/4""",,,,1,,20,,,40,
965,,,bulb hot bird,,,,1,,128,,,300,
966,,,almari bracket GT,,,,1,,35,,,80,
967,,,geyser kit,,,,1,,400,,,600,
968,,,geyser indicator bulb,,,,1,,40,,,80,
969,,,iron bulb,,,,1,,8,,,50,
970,,,corner cabinet,,,,1,,1050,,,2000,
971,,,towel rod (M),,,,1,,350,,,800,
972,,,vanity mixer (china),,,,1,,1100,,,4500,
973,,,cooker ruber silicone,,,,1,,280,,,450,
974,,,seat cover (hydriolic),,,,1,,1250,,,2500,
975,,,seat cover IFO (crown),,,,1,,700,,,1200,
976,,,"amir ball valve 1"" ",,,,1,,901.6,,,1350,
977,,,basin mixer (local),,,,1,,1100,,,2500,
978,,,"vanity nalka mixer 12"" (normal)",,,,1,,1450,,,3800,
979,,,spindal lever (Handle) ,,,,1,,220,,,450,
980,,,db box 8 breaker open,,,,1,,590,,,950,
1013,,,heater supply (big),,,,1,,950,,,1250,
1014,,,geyser knob set,,,,1,,30,,,100,
1015,,,head crystal master,,,,1,,115,,,300,
1016,,,ppi sheet,,,,1,,3.5,,,10,
1017,,,head brass (flower),,,,1,,145,,,450,
1018,,,breaker box 2pcs.,,,,1,,85,,,150,
1019,,,"gi pipe 1/2"" (feet)",,,,1,,123,,,180,
1020,,,"gi pipe 3/4"" (feet)",,,,1,,175,,,220,
1021,,,"gi pipe 1"" (feet)",,,,1,,250,,,300,
1022,,,bulb candle (5w),,,,1,,135,,,250,
1023,,,"wm bush 1/2"" x 1"" (brass)",,,,1,,120,,,300,
1024,,,wm nozle ,,,,1,,60,,,150,
1025,,,driver set (mobile laLtin ),,,,1,,700,,,1000,
1026,,,smt meter tape (100' steel),,,,1,,710,,,1200,
1027,,,wati hand ,,,,1,,40,,,80,
1028,,,dawn flush tank (swift),,,,1,,1758,,,2800,
1029,,,tedy small,,,,1,,108.333,,,150,
1030,,,tedy big,,,,1,,125,,,180,
1031,,,meter tape 16' (M),,,,1,,116.6666,,,200,
1032,,,bulb 100 w,,,,1,,90,,,150,
1033,,,bulb 200 w,,,,1,,90,,,150,
1034,,,bulb 0 watt,,,,1,,32,,,50,
1035,,,hot pipe 1m (1pcs),,,,1,,300,,,400,
1036,,,malmal 3 yrds.,,,,1,,95,,,150,
1037,,,knob stove steel (M),,,,1,,100,,,150,
1038,,,sink bowl 13 x 16 (green),,,,1,,900,,,2500,
1039,,,sink bowl 14 x 17 (green),,,,1,,1050,,,2800,
1040,,,"kili clamp 1/2""",,,,1,,15,,,30,
1041,,,"kili clamp 3/4""",,,,1,,20,,,40,
1042,,,"kili clamp 1""",,,,1,,25,,,50,
1043,,,"kili clamp 1-1/4""",,,,1,,30,,,60,
1044,,,parda ring (golden steel),,,,1,,50,,,150,
1045,,,neel 250g,,,,1,,80,,,150,
1046,,,shelf bracket (plastic),,,,1,,7,,,10,
1047,,,plier cutter,,,,1,,450,,,600,
1048,,,crome latoo (medium),,,,1,,140,,,250,
1049,,,gi nipple 1/2 x 3/4,,,,1,,50,,,250,
1050,,,flexible neck (small) fan,,,,1,,140,,,250,
1051,,,neck casted (small),,,,1,,570,,,1100,
1052,,,jet shower classic,,,,1,,250,,,500,
1053,,,warma 5/32 & 1/4 rex,,,,1,,30,,,100,
1054,,,flood light 50w polo,,,,1,,2400,,,4500,
1055,,,flood light 30w polo,,,,1,,2690,,,2690,
1056,,,flood light 20w polo,,,,1,,1680,,,2800,
1057,,,flood light 10w polo,,,,1,,1020,,,2000,
1058,,,winner toilet shower(cp) complete,,,,1,,550,,,1200,
1059,,,tower rod ( single),,,,1,,460,,,700,
1060,,,"push waste 6""",,,,1,,550,,,850,
1061,,,soap dish steel,,,,1,,110,,,350,
1062,,,ac breaker shoe (safety),,,,1,,850,,,1450,
1063,,,key holder welcome,,,,1,,350,,,500,
1064,,,fuse (glass),,,,1,,8,,,50,
1065,,,"hood jali 4""",,,,1,,275,,,380,
1066,,,"ktz ball valve 1/2"" china",,,,1,,570,,,750,
1067,,,"dabi screw 1"" x 6",,,,1,,108,,,180,
1068,,,double tape (feet),,,,1,,11,,,30,
1069,,,dori nylon (bundle),,,,1,,90,,,250,
1070,,,"ball vale 1"" (master)",,,,1,,616,,,950,
1071,,,grohee toilet shower CP,,,,1,,1350,,,2500,
1072,,,china mixer nut (m),,,,1,,120,,,450,
1073,,,smt adopter,,,,1,,110,,,200,
1074,,,seat cover nut (porta),,,,1,,100,,,200,
1135,,,"ball vale 1/2"" (master)",,,,1,,221,,,450,
1136,,,"ball vale 3/4"" (master)",,,,1,,252,,,750,
1137,,,wall hanging bolt kit (ss),,,,1,,480,,,900,
1138,,,plier (heavy),,,,1,,560,,,700,
1139,,,"disc masala 4"" ",,,,1,,50,,,100,
1140,,,"disc masala 5"" ",,,,1,,65,,,120,
1141,,,"disc masala 7"" ",,,,1,,160,,,250,
1142,,,brass polish metal,,,,1,,240,,,450,
1143,,,"scotch tape 2"" (100 yrd.)",,,,1,,375,,,550,
1144,,,black cement,,,,1,,27,,,40,
1145,,,khunti crome ,,,,1,,80,,,150,
1146,,,"baitun tee 3/4""",,,,1,,7.8,,,15,
1147,,,"alpine waste pipe 1-1/4"" (complete)",,,,1,,90,,,450,
1148,,,extention (101),,,,1,,165,,,400,
1149,,,extention,,,,1,,455,,,850,
1150,,,sea star crack filler (1 kg),,,,1,,320,,,450,
1151,,,"handle 8"" (bath room)",,,,1,,300,,,600,
1152,,,extention (919) 4 yrd,,,,1,,260,,,600,
1153,,,"floor waste steel 6""",,,,1,,280,,,500,
1154,,,waste pipe (crome plastic),,,,1,,210,,,400,
1155,,,ac bracket universal,,,,1,,150,,,250,
1156,,,l bracket 8*10 (black angle),,,,1,,125,,,220,
1157,,,"socket valve 1"" (mian)",,,,1,,1180,,,1650,
1158,,,sea star (clip),,,,1,,200,,,250,
1159,,,sea star (wedge),,,,1,,300,,,350,
1160,,,sea star plier,,,,1,,900,,,1200,
1161,,,km power plug (p-99),,,,1,,270,,,500,
1162,,,magic depoxi (large),,,,1,,190,,,250,
1163,,,km 2 pin holder,,,,1,,50,,,100,
1164,,,zahid sink mixer (aqua),,,,1,,2450,,,5000,
1165,,,miraj termite (1 ltr.),,,,1,,2500,,,4000,
887,,,bulb (E-14) milkey,,,,1,,175,,,300,
888,,,pump drain,,,,1,,90,,,150,
889,,,lamp holder brass,,,,1,,59,,,200,
890,,,male female (M),,,,1,,70.8333,,,150,
891,,,missile breaker button,,,,1,,90,,,150,
892,,,MT pad lock 25mm,,,,1,,261.25,,,450,
893,,,coolar tooti (lever),,,,1,,91.666,,,200,
894,,,"wall tiki 3""",,,,1,,7,,,20,
895,,,L key set (tera),,,,1,,200,,,350,
896,,,L key set (newton),,,,1,,380,,,580,
897,,,flush tank (grace),,,,1,,1500,,,2500,
898,,,motor nut,,,,1,,17.5,,,50,
899,,,asf basin mixer H,,,,1,,4000,,,7000,
900,,,"nut bolt 1/4 x 1/2"" (galv.)",,,,1,,3.5,,,10,
901,,,"suction pipe 1""",,,,1,,43.5,,,100,
902,,,"juiblee clamp 2-1/2""",,,,1,,23,,,70,
903,,,samad bond tube (L),,,,1,,175,,,250,
904,,,filter foam ppf G(heavy),,,,1,,200,,,500,
905,,,Wahu pad lock 70mm,,,,1,,450,,,780,
906,,,extention ,,,,1,,600,,,950,
907,,,glass,,,,1,,200,,,450,
908,,,ppr cutter (M),,,,1,,580,,,750,
909,,,"uniqe comode nut 6"" (pair)",,,,1,,55,,,280,
910,,,chain pipe 1-1/4 meter (ajeet),,,,1,,250,,,750,
911,,,tee cock (plastic),,,,1,,120,,,200,
912,,,hockey pipe,,,,1,,60,,,250,
913,,,winner toilet shower (set color) ,,,,1,,400,,,900,
914,,,tile gola,,,,1,,300,,,400,
915,,,"parda pipe 1"" GT (feet)",,,,1,,34.375,,,60,
916,,,thimble 7/64,,,,1,,20,,,30,
917,,,"non return valve 3/4"" (H)",,,,1,,800,,,1100,
918,,,cable 7/36 (single),,,,1,,150,,,290,
981,,,pedistal,,,,1,,1100,,,2500,
982,,,paper holder,,,,1,,340,,,650,
983,,,white cement,,,,1,,45,,,80,
984,,,mixer nut vanity ( small),,,,1,,100,,,350,
985,,,meter regulator,,,,1,,450,,,750,
986,,,jet flower,,,,1,,60,,,100,
987,,,brush holder,,,,1,,300,,,750,
988,,,cup wati,,,,1,,150,,,200,
989,,,ac gas (R-22),,,,1,,2540,,,3000,
990,,,soap dish fancy,,,,1,,110,,,550,
991,,,"fan rod 24"" (H)",,,,1,,290,,,480,
992,,,"mixer pipe 3/8"" (crome) 1pcs.",,,,1,,370,,,700,
993,,,presure car washer (smt 2560),,,,1,,12500,,,14500,
994,,,"check valve 1""(civic)",,,,1,,700,,,950,
995,,,board wood (L),,,,1,,630,,,750,
996,,,board plastic 3p,,,,1,,160,,,300,
997,,,"tee arm 9"" & 13"" ",,,,1,,470,,,900,
998,,,goda pair adjustable (china),,,,1,,570,,,850,
999,,,side pilar cock,,,,1,,1000,,,1500,
1000,,,sea star tile bond,,,,1,,490,,,550,
1001,,,"nalka mixer 6"" medium",,,,1,,1400,,,3800,
1002,,,"mirror 18"" x 24"" (5mm)",,,,1,,1750,,,2500,
1003,,,dawn mirror (sqare),,,,1,,720,,,1500,
1004,,,BTM seat cover,,,,1,,1080,,,2200,
1005,,,BTM thimble,,,,1,,183,,,550,
1006,,,tyre 6 ply,,,,1,,2500,,,3200,
1007,,,"npi warma 6mm (4"")",,,,1,,125,,,200,
1008,,,amber capacitor 20uf,,,,1,,390,,,600,
1009,,,geyser element 2000 w (italy),,,,1,,2100,,,2600,
1010,,,"ppr plug 1""",,,,1,,41,,,60,
1011,,,cob light (5w),,,,1,,225,,,300,
1012,,,heater supply (small),,,,1,,800,,,1100,
1075,,,bike lock,,,,1,,450,,,650,
1076,,,Wd 40 (100ml orignal),,,,1,,510,,,650,
1077,,,Wd 40 (200ml orignal),,,,1,,700,,,850,
1078,,,"steel washer 5/16""",,,,1,,13.719,,,50,
1079,,,"disc steel 4""(mm) dewalt",,,,1,,25,,,80,
1080,,,cable tie 165m,,,,1,,140,,,240,
1081,,,cable tie 200m,,,,1,,160,,,280,
1082,,,cable tie (dzn) L,,,,1,,70,,,120,
1083,,,timer haier (4 point),,,,1,,370,,,600,
1084,,,db box 1 meter (DR)  connect,,,,1,,3430,,,4500,
1085,,,"shisha bracket 4""",,,,1,,84,,,150,
1086,,,gloves nylon,,,,1,,91.6666,,,150,
1087,,,"LCD bracket 32"" & 42"" ",,,,1,,250,,,650,
1088,,,dori sootar (small),,,,1,,48.18,,,100,
1089,,,dori saal (small),,,,1,,25,,,50,
1090,,,marking dori,,,,1,,166,,,250,
1091,,,ali akber guardian (250ml),,,,1,,550,,,800,
1092,,,english 3/29 pak,,,,1,,1680,,,2000,
1093,,,english 7/29 pak,,,,1,,3510,,,3800,
1094,,,glue gun stick,,,,1,,31,,,60,
1095,,,paint rular (black cat),,,,1,,548,,,850,
1096,,,china mixer nut (L),,,,1,,260,,,680,
1097,,,cob open (5w),,,,1,,330,,,480,
1098,,,"ktz ball vale 3/4"" china",,,,1,,790,,,1050,
1099,,,glass sucker 2pcs.,,,,1,,950,,,1250,
1100,,,"drill machine 1/2"" (bosch)",,,,1,,4400,,,5500,
1101,,,E clip set,,,,1,,60,,,100,
1102,,,"grinder 5""",,,,1,,3600,,,6000,
1103,,,stove double auto,,,,1,,3850,,,5800,
1104,,,ac breaker shoe (busch),,,,1,,520,,,950,
1105,,,wire brush china,,,,1,,75,,,150,
1166,,,GFC capacitor 2.5uf,,,,1,,130,,,220,
1167,,,km multi (double),,,,1,,390,,,650,
1168,,,amber capacitor 3.5uf,,,,1,,110,,,200,
1169,,,GFC capacitor 3uf,,,,1,,120,,,250,
1170,,,GFC capacitor 3.5uf,,,,1,,145,,,250,
1171,,,GFC capacitor 4.5uf,,,,1,,145,,,300,
1172,,,holder porceline gamla,,,,1,,42,,,100,
1173,,,local main switch (H),,,,1,,380,,,600,
1174,,,l bracket 10*12 (black angle),,,,1,,150,,,250,
1175,,,foot pump,,,,1,,700,,,1000,
1176,,,jpi mobile multi,,,,1,,83.333,,,150,
1177,,,sensor holder,,,,1,,800,,,1200,
1178,,,drill cheni (H),,,,1,,450,,,600,
1179,,,wiper steel small (special),,,,1,,400,,,800,
1180,,,wiper steel medium (special),,,,1,,600,,,900,
1181,,,ali akber guarden care (250ml),,,,1,,400,,,650,
1182,,,duct nails (dzn.),,,,1,,7.5,,,40,
1183,,,dori fish (pkt.),,,,1,,50,,,100,
1184,,,"brass socket 1/2""",,,,1,,115,,,250,
1185,,,dori nylon (loose),,,,1,,10,,,30,
1186,,,dori parachute (nalki),,,,1,,20,,,50,
1187,,,gola (sootar),,,,1,,30,,,50,
1188,,,"float valve 3/4"" (N)",,,,1,,495,,,900,
1189,,,"float valve 1"" (N)",,,,1,,560,,,980,
1190,,,tank 300ltr. (king master),,,,1,,3870,,,5500,
1191,,,tank 500ltr. (king master),,,,1,,6350,,,8500,
1192,,,tank 800ltr. (king master),,,,1,,8680,,,10500,
1193,,,tank 1000ltr. (master),,,,1,,15000,,,16500,
1194,,,coolar pump (25w) M,,,,1,,460,,,650,
1195,,,l bracket 12*14 (black angle),,,,1,,175,,,300,
1196,,,drain pipe (special) wm,,,,1,,225,,,450,
1197,,,"warma 6 mm (hilti) 6""",,,,1,,100,,,150,
1224,,,bull extention (GN-1030-30) ,,,,1,,1650,,,2500,
1225,,,bull extention (GN-1040-30) 5m,,,,1,,2200,,,3500,
1226,,,"steel washer 3/8""",,,,1,,33,,,60,
1227,,,camelion cell AA +AAA,,,,1,,70,,,100,
1228,,,emulsion balti (active),,,,1,,1600,,,3500,
1229,,,weather coat galon ,,,,1,,1550,,,2300,
1230,,,MT anti rustspray 110ml wd 40,,,,1,,189,,,350,
1231,,,bull extention (GN-1330-30) 3m,,,,1,,2100,,,3000,
1232,,,"TFE non return valve 1""",,,,1,,1465,,,1850,
1233,,,kiwi polish revival,,,,1,,380,,,600,
1234,,,bull extention (6 USB),,,,1,,1960,,,3500,
1235,,,popular fan box,,,,1,,270,,,350,
1236,,,water filter (aqua oasis),,,,1,,5500,,,7500,
1237,,,bearing 6203 NTN,,,,1,,130,,,250,
1238,,,basin waste plastic,,,,1,,40,,,100,
1239,,,smd downlight 10w adj.,,,,1,,370,,,550,
1240,,,kavia wire small,,,,1,,30,,,50,
1241,,,mosketo racket,,,,1,,1450,,,2200,
1242,,,"warma 1/2"" rex",,,,1,,120,,,250,
1243,,,schneider breaker (100amp),,,,1,,1950,,,3000,
1244,,,energy saver 85w,,,,1,,650,,,1550,
1245,,,driver screw set (afco),,,,1,,600,,,900,
1246,,,"driver screw 6"" afirm",,,,1,,125,,,200,
1247,,,"driver screw 4"" FTC",,,,1,,80,,,200,
1248,,,"driver screw 6"" denfos",,,,1,,175,,,350,
1249,,,washer spring dzn.,,,,1,,40,,,100,
1250,,,zanjeer ,,,,1,,45,,,100,
1251,,,packing dori small,,,,1,,47.368,,,100,
1252,,,go rasi small,,,,1,,33.3333,,,50,
1253,,,go rasi (kg),,,,1,,170,,,230,
1254,,,paper cutter (H),,,,1,,300,,,450,
1414,,,"TFE non return valve 1-1/4""",,,,1,,3819,,,5500,
1415,,,basin bolt kit ss,,,,1,,160,,,400,
1416,,,knob wm,,,,,,35,,,80,
1417,,,ac tape wraping,,,,,,125,,,180,
1418,,,ac capacitor 35uf,,,,1,,600,,,850,
1419,,,ac capacitor 40uf,,,,1,,630,,,880,
1420,,,ac capacitor 45uf,,,,,,630,,,880,
1421,,,ac capacitor 50uf,,,,1,,550,,,900,
1422,,,"hood pipe 2m 6""",,,,1,,700,,,950,
1423,,,"hood pipe 3m 6""",,,,1,,900,,,1350,
1424,,,"hood pipe 5m 6""",,,,1,,1200,,,1650,
1425,,,torqe termite 100ml,,,,1,,260,,,500,
1426,,,ac kit silver 10feet,,,,1,,1500,,,1700,
1427,,,ac kit silver 15feet,,,,1,,2250,,,2600,
1428,,,ac kit silver 20feet,,,,1,,3000,,,3400,
1429,,,coolar pump (45w),,,,1,,1450,,,2200,
1430,,,smt hole saw 38mm ss,,,,1,,1254,,,2200,
1431,,,wiper brush,,,,1,,200,,,300,
1432,,,cooker pin,,,,,,7,,,40,
1433,,,ac charging guage ,,,,1,,600,,,900,
1434,,,ac adopter 410,,,,1,,150,,,250,
1435,,,ac charging lead ,,,,1,,200,,,450,
1436,,,"ac flair nut 1/2""",,,,1,,125,,,180,
1437,,,"ac flair nut 1/4""",,,,1,,35,,,100,
1438,,,"ac flair nut 3/8""",,,,1,,70,,,150,
1439,,,"ac flair nut 5/8""",,,,1,,155,,,220,
1440,,,fan nut,,,,1,,5,,,20,
1441,,,"jali exaust 12"" x12"" fancy",,,,1,,350,,,550,
1442,,,"jali exaust 15"" x15"" fancy",,,,1,,450,,,650,
1443,,,coolar tooti ,,,,1,,58.333,,,100,
1444,,,"TFE floor waste (jali 6"")",,,,1,,365,,,850,
1445,,,miraj termite 250ml,,,,1,,630,,,1000,
1602,,,polo lite 3G,,,,1,,268,,,490,
1603,,,polo lite 4G,,,,1,,297,,,550,
1604,,,polo lite 6G,,,,1,,485,,,680,
1605,,,polo lite 1+1,,,,1,,221,,,390,
1606,,,polo lite 2+1,,,,1,,260,,,450,
1607,,,polo lite 3+1,,,,1,,297,,,490,
1608,,,polo lite 2+2,,,,1,,297,,,490,
1609,,,polo lite 5+1,,,,1,,485,,,650,
1610,,,polo lite 4+2,,,,1,,485,,,690,
1611,,,polo lite 7+1,,,,1,,511,,,780,
1612,,,polo lite 6+2,,,,1,,511,,,850,
1613,,,polo lite 8+2,,,,1,,539,,,890,
1614,,,polo lite 2way,,,,1,,210,,,390,
1615,,,polo lite bell push ,,,,1,,254,,,450,
1616,,,polo lite bell push double,,,,1,,275,,,550,
1617,,,polo lite light plug,,,,1,,310,,,600,
1618,,,multi light plug G&L,,,,1,,460,,,750,
1619,,,multi light plug RC,,,,1,,335,,,500,
1620,,,uniqe saifan (Heavy),,,,1,,750,,,1500,
1621,,,polo lite pp,,,,1,,324,,,600,
1622,,,polo lite fan dimer,,,,1,,120,,,250,
1623,,,"fan rod 18"" (H)",,,,1,,235,,,380,
1624,,,wire lock zanjeer,,,,1,,380,,,500,
1625,,,safety goggle,,,,1,,80,,,250,
1626,,,battery terminal pair,,,,1,,240,,,380,
1627,,,factor smd 12w adj.,,,,1,,360,,,550,
1628,,,wati auzar indian,,,,1,,350,,,950,
1629,,,"driver screw 8"" denfos",,,,1,,216.66,,,380,
1630,,,bouncer termite 250ml,,,,1,,400,,,800,
1631,,,cell flat,,,,1,,50,,,100,
1632,,,ampere meter,,,,1,,1950,,,2500,
1633,,,chabi 16-17mm,,,,1,,147,,,270,
1665,,,capacitor 200-250 starting,,,,1,,280,,,450,
1666,,,"italo ball valve 1""",,,,1,,1595,,,1950,
1667,,,kitchen hinges 3D,,,,1,,290,,,400,
1668,,,spray pump,,,,1,,180,,,280,
1669,,,elfy 20grm (star),,,,1,,100,,,150,
1670,,,B clean polish spray,,,,1,,230,,,500,
1671,,,shoe 3 pin light (N),,,,1,,62.5,,,120,
1672,,,"italo ball valve 1/2""",,,,,,822,,,1080,
1673,,,fan bracket clamp ,,,,1,,175,,,400,
1674,,,"ktc ball valve 1""",,,,1,,2097,,,2450,
1675,,,cooker ruber,,,,1,,117,,,300,
1676,,,"ktc ball valve 1/2""",,,,1,,913,,,1190,
1677,,,spray gun big,,,,1,,850,,,2350,
1678,,,bracket fan al-ahmed,,,,1,,6500,,,8500,
1679,,,osso multi light (single) ,,,,1,,370,,,600,
1680,,,stove burner (S),,,,1,,150,,,400,
1681,,,tap filter ,,,,1,,70,,,120,
1682,,,sink waste china (single),,,,1,,850,,,1500,
1683,,,steel wire ,,,,1,,530,,,880,
1684,,,iron seeco ,,,,1,,2950,,,4000,
1685,,,capacitor 250-300 starting,,,,1,,300,,,450,
1686,,,drain pipe (medium) wm,,,,1,,150,,,250,
1687,,,lcd nut bolt,,,,1,,10,,,30,
1688,,,stove burner (M),,,,1,,250,,,500,
1689,,,l key 4&5 single,,,,1,,45,,,80,
1690,,,carpet brush,,,,1,,150,,,250,
1691,,,hook # 2-4-6,,,,1,,1.4,,,10,
1692,,,stove burner (L),,,,1,,650,,,950,
1693,,,cell oppo AA & AAA,,,,1,,17.5,,,50,
1694,,,"paint brush 1"" (N)",,,,1,,23,,,50,
1695,,,bib cock plastic vip,,,,1,,65,,,180,
1696,,,"mixer pipe 24"" (crome)",,,,1,,400,,,800,
1697,,,smt spray gun,,,,1,,1600,,,2200,
919,,,cell dabi ,,,,1,,70,,,150,
920,,,head crome (profit),,,,1,,160,,,350,
921,,,head crome (aqua),,,,1,,70,,,300,
922,,,"float valve 1/2"" (N)",,,,1,,440,,,750,
923,,,emergency cell (single),,,,1,,111.111,,,250,
924,,,Ari china fancy,,,,1,,340,,,550,
925,,,"hand level 9""",,,,1,,90,,,150,
926,,,door closer,,,,1,,1700,,,2500,
927,,,"dabi screw 5/8"" x 6",,,,1,,77,,,150,
928,,,"dabi screw 1-1/2"" x 6",,,,1,,148,,,220,
929,,,"dabi screw 1-1/2"" x 8",,,,1,,180,,,250,
930,,,"dabi screw 2"" x 6",,,,1,,200,,,290,
931,,,zahid tee cock (profit),,,,1,,825,,,1250,
932,,,zahid double bib cock (profit),,,,1,,1890,,,2500,
933,,,motor pulli,,,,1,,75,,,200,
934,,,pilot set,,,,1,,425,,,600,
935,,,RBS ball valve,,,,1,,390,,,650,
936,,,"Hot pipe 12"" (1pcs.)",,,,1,,120,,,300,
937,,,tarpine oil (400 ml),,,,1,,215,,,280,
938,,,"paint brush 2"" (H)",,,,1,,84,,,150,
939,,,"paint brush 4"" (N)",,,,1,,160,,,250,
940,,,"jet shower 5"" (5way)",,,,1,,700,,,1200,
941,,,"Hot pipe 18"" (1pcs.)",,,,1,,175,,,300,
942,,,"Hot pipe 24"" (1pcs.)",,,,1,,190,,,350,
943,,,zahid sink mixer (profit),,,,1,,2850,,,5500,
944,,,zahid sink mixer (flower),,,,1,,3200,,,6000,
945,,,sink mixer ARK,,,,1,,2052,,,3000,
946,,,zahid basin mixer (flower),,,,1,,3500,,,5000,
947,,,basin mixer ARK,,,,1,,2000,,,3000,
948,,,zahid basin mixer (aqua),,,,1,,2450,,,4500,
949,,,zahid wall shower (flower),,,,1,,5000,,,8000,
1106,,,"warma 6mm (hilti) 4""",,,,1,,65,,,100,
1107,,,donkey pump,,,,1,,8000,,,12000,
1108,,,carbon bush (normal),,,,1,,50,,,100,
1109,,,gola float valve,,,,1,,60,,,150,
1110,,,"masking tape 1"" (25yrds.)",,,,1,,95,,,150,
1111,,,l key set (star),,,,1,,550,,,800,
1112,,,board 3p blank,,,,1,,420,,,480,
1113,,,sink waste set (double),,,,1,,790,,,1850,
1114,,,uniqe saifan tiki (plastic),,,,1,,85,,,280,
1115,,,htc chain pipe 1mtr.,,,,1,,270,,,500,
1116,,,"ball valve 2"" (BTM supreme)",,,,1,,5834,,,6500,
1117,,,SBR zydex galon,,,,1,,2000,,,3000,
1118,,,SBR zydex 1 ltr,,,,1,,500,,,900,
1119,,,mokito killer (bulb),,,,1,,800,,,1200,
1120,,,"pump nozle 1-1/4""",,,,1,,75,,,180,
1121,,,"pump nozle 1-1/2""",,,,1,,95,,,250,
1122,,,"pump nozle 2""",,,,1,,150,,,280,
1123,,,"IA safety valve 1""( khara)",,,,1,,444.88,,,1000,
1124,,,"man hole 12"" (plastic)",,,,1,,800,,,1500,
1125,,,"man hole 15"" (plastic)",,,,1,,1400,,,2200,
1126,,,"man hole 18"" (plastic)",,,,1,,2100,,,3700,
1127,,,"man hole 24"" (plastic)",,,,1,,2950,,,4500,
1128,,,l bracket 6*8 (black angle),,,,1,,100,,,150,
1129,,,"smt disc stone 5"" (masala)",,,,1,,175,,,250,
1130,,,"juiblee clamp 1-1/2""",,,,1,,27,,,60,
1131,,,"juiblee clamp 2""",,,,1,,25,,,80,
1132,,,"juiblee clamp 4""",,,,1,,50,,,100,
1133,,,local light plug (single),,,,1,,180,,,450,
1134,,,SBI power plug ,,,,1,,300,,,600,
1198,,,"warma 8 mm (hilti) 6""",,,,1,,100,,,180,
1199,,,"warma 10 mm (hilti) 6""",,,,1,,110,,,190,
1200,,,smt hole saw 16mm,,,,1,,224,,,300,
1201,,,smt hole saw 18mm,,,,1,,252,,,320,
1202,,,smt hole saw 25mm,,,,1,,350,,,450,
1203,,,"warma 12mm (hilti) 6""",,,,1,,120,,,250,
1204,,,sink bowl 15 x 19 (green),,,,1,,1250,,,3000,
1205,,,balti + tub (set),,,,1,,1500,,,2200,
1206,,,sink mixer china (wall),,,,1,,3300,,,6500,
1207,,,garmala plastic (S),,,,1,,70,,,150,
1208,,,gole lock (N),,,,1,,720,,,1200,
1209,,,garmala plastic  (L),,,,1,,80,,,160,
1210,,,"mixer pipe 18"" (plastic)",,,,1,,160,,,450,
1211,,,water filter jumbo (set),,,,1,,4500,,,8500,
1212,,,fan dimer (matrix),,,,1,,402,,,600,
1213,,,filter cone jumbo (ppf),,,,1,,550,,,850,
1214,,,filter cone jumbo (dhaga),,,,1,,1675,,,2200,
1215,,,filter foam (medium),,,,1,,230,,,400,
1216,,,filter foam (normal),,,,1,,90,,,250,
1217,,,water filter dual (set),,,,,,2500,,,4000,
1218,,,tape water proof,,,,1,,90,,,150,
1219,,,"binding tape 1.5"" (8+10yrd.)",,,,1,,125,,,280,
1220,,,bull extention (GN-103),,,,1,,410,,,650,
1221,,,bull extention (GN-C5),,,,1,,880,,,1250,
1222,,,khunti grace,,,,1,,100,,,200,
1223,,,bull extention (GN-413),,,,1,,760,,,1100,
1255,,,"ktz ball valve 1"" china",,,,1,,1350,,,2200,
1256,,,mb toiler shower color,,,,1,,100,,,300,
1257,,,led tube 4feet (single) T8,,,,1,,650,,,950,
1258,,,cemetex (dabi),,,,1,,300,,,400,
1259,,,bib cock ARK ,,,,1,,800,,,1200,
1260,,,uniqe seat cover (blue),,,,1,,900,,,1600,
1261,,,"crome bracket 1"" double (H)",,,,1,,150,,,250,
1262,,,MT wire lock 15mm,,,,1,,893,,,1400,
1263,,,rope light conector,,,,1,,80,,,120,
1264,,,energy saver 25w globe,,,,1,,200,,,650,
1265,,,shelf bracket china,,,,1,,10,,,15,
1266,,,china tee cock ,,,,,,328.5,,,550,
1267,,,ppr heater (N),,,,1,,1350,,,1800,
1268,,,spindal wall shower,,,,1,,525,,,850,
1269,,,"mixer pipe 24"" (plastic)",,,,1,,210,,,500,
1270,,,jharu phool (M),,,,1,,250,,,380,
1271,,,handle lock golden (BIG),,,,1,,3500,,,6500,
1272,,,dada bottle tap,,,,1,,220,,,350,
1273,,,dada pump (manual),,,,1,,850,,,1250,
1274,,,parda ring (golden texture),,,,1,,50,,,120,
1275,,,"gas valve 1/4"" china",,,,,,220,,,380,
1276,,,"gas valve 1/4"" (chutki)",,,,1,,110,,,200,
1277,,,poly box 8*10,,,,1,,220,,,250,
1278,,,ari shutering,,,,1,,170,,,300,
1279,,,pump cycle (big),,,,1,,450,,,600,
1280,,,car toechain,,,,1,,480,,,680,
1281,,,"disc 5"" marble",,,,,,500,,,850,
1282,,,"grohee nut 3/8""*1/2""",,,,1,,120,,,280,
1283,,,iron nation (panasonic),,,,1,,2800,,,3800,
1284,,,uniqe float valve side ,,,,1,,60,,,350,
1285,,,RAQY float valve side,,,,1,,1600,,,3000,
1446,,,"ac nut 5/8""x1/2""",,,,1,,160,,,220,
1447,,,"ac nut 3/8""x1/2""",,,,1,,130,,,200,
1448,,,"ac nut 3/8""x1/4""",,,,1,,90,,,180,
1449,,,"ac union 1/2""",,,,1,,130,,,180,
1450,,,"ac union 1/4""",,,,1,,50,,,90,
1451,,,"ac union 3/8""",,,,1,,80,,,130,
1452,,,"ac union 5/8""",,,,1,,155,,,200,
1453,,,hamer ktc (s),,,,1,,450,,,650,
1454,,,torqe termite 250ml,,,,1,,700,,,1050,
1455,,,torqe termite 1ltr.,,,,1,,2200,,,4000,
1456,,,2 core 23/76 gole,,,,1,,13,,,30,
1457,,,"pvc wall socket 2""",,,,1,,60,,,90,
1458,,,"hinges 3""",,,,1,,40,,,60,
1459,,,"jali exaust 16"" plastic",,,,1,,220,,,400,
1460,,,RAQY side thimble,,,,1,,750,,,1800,
1461,,,cell toshiba (D size) big,,,,1,,142.65,,,250,
1462,,,"ac valve 1/4"" expert",,,,1,,650,,,1000,
1463,,,"ac valve 1/2"" expert",,,,1,,950,,,1350,
1464,,,"tee arm 15"" ",,,,1,,800,,,1200,
1465,,,float switch,,,,1,,550,,,850,
1466,,,aluminium ladder (H),,,,1,,720,,,1200,
1467,,,"l koni 1"" N",,,,1,,3.65,,,10,
1468,,,element heater gole,,,,1,,300,,,600,
1469,,,china button+socket,,,,1,,40,,,80,
1470,,,"binding tape 1"" (10 yrd.)",,,,1,,100,,,200,
1471,,,belcha 4,,,,1,,433.333,,,600,
1472,,,belcha 5,,,,1,,466.6666,,,650,
1473,,,teshi,,,,1,,159,,,250,
1474,,,"hood jali 6""",,,,1,,420,,,550,
1475,,,kandi,,,,1,,167,,,250,
1476,,,kandi majola,,,,1,,71,,,200,
1477,,,garmala steel,,,,1,,192,,,250,
1634,,,hinges 5',,,,1,,105,,,150,
1635,,,presure kit espa,,,,1,,1500,,,2400,
1636,,,"hood pipe 1m 6""",,,,1,,450,,,750,
1637,,,"hole saw 2""",,,,1,,240,,,400,
1638,,,"hole saw 2-1/2""",,,,1,,260,,,450,
1639,,,glue dabi 175grm,,,,1,,100,,,150,
1640,,,side pilar cock ARK,,,,1,,950,,,1800,
1641,,,smd open 18w,,,,1,,750,,,1250,
1642,,,db box 22 breakers 019,,,,1,,2650,,,3900,
1643,,,smd downlight 18w adj.,,,,1,,470,,,600,
1644,,,smd downlight 24w adj.,,,,1,,720,,,900,
1645,,,wiper brush long,,,,1,,350,,,550,
1646,,,fuji capacitor 3.5,,,,1,,90,,,200,
1647,,,english 3/29 british,,,,1,,5400,,,6500,
1648,,,english 7/29 british,,,,1,,11300,,,13500,
1649,,,mechanical seal special,,,,1,,125,,,250,
1650,,,presure nozzle (H),,,,1,,320,,,750,
1651,,,2 core cable 40/76 copper(black),,,,1,,72.222,,,150,
1652,,,vanity mixer (small),,,,1,,1900,,,5000,
1653,,,vanity mixer medium (spring),,,,1,,7200,,,9800,
1654,,,zahid wall shower ferari,,,,1,,5500,,,10000,
1655,,,ac service cloth ,,,,1,,1750,,,2000,
1656,,,conector strip 60amp,,,,1,,245,,,450,
1657,,,conector strip 100amp (loose),,,,1,,95,,,200,
1658,,,"earl draz 10"" (brass0",,,,1,,900,,,1800,
1659,,,"ear draz 12"" (brass)",,,,1,,1100,,,2000,
1660,,,"dabi machine screw 3/16""x3/4""",,,,1,,197,,,350,
1661,,,"dabi machine screw 3/16""x1""",,,,1,,245,,,450,
1662,,,"check valve 1""(al-mughal)",,,,1,,775,,,1250,
1663,,,capacitor 80-110 starting,,,,1,,70,,,350,
1664,,,capacitor 138-182 starting,,,,1,,150,,,400,
1698,,,termite 250ml fighter,,,,1,,120,,,450,
1699,,,"gi mf elbow 1-1/4""",,,,1,,501,,,600,
1700,,,ceiling holder plastic,,,,1,,60,,,100,
1701,,,dori sootar (medium),,,,1,,77,,,250,
1702,,,termite 500ml fighter,,,,1,,220,,,750,
1703,,,"RAQY floay valve 3/4""",,,,1,,1250,,,2500,
1704,,,termite 1000ml fighter,,,,1,,390,,,1200,
1705,,,shisha qalam,,,,1,,160,,,250,
1706,,,termite gallon fighter,,,,1,,1500,,,4000,
1707,,,silicone bottle (GH-1200),,,,1,,340,,,400,
1708,,,"lcd bracket 14 + 42""",,,,1,,380,,,700,
1709,,,"lcd bracket 40+55"" big",,,,1,,580,,,1200,
1710,,,thermostate unitrol,,,,1,,3750,,,4500,
1711,,,2 pin shoe (N),,,,1,,33.333,,,60,
1712,,,l key set pride small,,,,1,,470,,,650,
1713,,,ferry light 30 feet flasher,,,,1,,450,,,750,
1714,,,wiper pocha (H),,,,1,,450,,,650,
1715,,,missile capacitor 30uf,,,,1,,410,,,700,
1716,,,"disc 4"" zdn",,,,1,,300,,,600,
1717,,,"disc 5"" zdn",,,,1,,450,,,700,
1718,,,missile capacitor 35uf,,,,1,,410,,,750,
1719,,,"disc masala 9"" hambo",,,,1,,200,,,350,
1720,,,handle lock (M),,,,1,,1350,,,1850,
1721,,,electric heater blower,,,,1,,2400,,,3700,
1722,,,ac capacitor 55uf,,,,1,,680,,,1000,
1723,,,ac capacitor 60uf,,,,1,,700,,,1150,
1724,,,missile capacitor 40uf,,,,1,,430,,,800,
1725,,,missile capacitor 45uf,,,,1,,450,,,850,
1726,,,missile capacitor 50uf,,,,1,,480,,,900,
1727,,,missile capacitor 60uf,,,,1,,580,,,950,
1728,,,missile capacitor 70uf,,,,1,,650,,,1200,
1729,,,uniqe flush tank golden,,,,1,,775,,,2000,
1730,,,"level 18""",,,,1,,600,,,850,
1731,,,"Hose pipe 3/4"" (accufit) 3 mm",,,,1,,46,,,65,
1732,,,"flexible pipe 1"" feet",,,,1,,13.33,,,30,
1733,,,extention millat,,,,1,,250,,,480,
1734,,,"dabi machine screw 3/16""x1-1/4""",,,,1,,312,,,600,
1735,,,handle lock (H),,,,1,,2250,,,3500,
1736,,,"dabi screw 1-1/4""x 6",,,,1,,160,,,220,
1737,,,"dabi 2-1/2""x 8",,,,1,,395,,,490,
1738,,,timer 6-7 wire,,,,1,,400,,,600,
1739,,,"dabi machine screw 3/16""x1-1/2""",,,,1,,352,,,650,
1740,,,waste pipe double nut,,,,1,,200,,,450,
1741,,,"union washer 3/4""",,,,1,,20,,,50,
1742,,,cat-6 conector,,,,1,,5,,,20,
1743,,,"jet shower 8""(diamond) ss",,,,1,,650,,,1200,
1744,,,rg-6+7 nut,,,,1,,4,,,10,
1745,,,"union washer 1""",,,,1,,30,,,60,
1746,,,tel tee+pin,,,,1,,15,,,50,
1747,,,non uniqe 1+1,,,,1,,171,,,390,
1748,,,non uniqe 2g,,,,1,,171,,,350,
1749,,,non uniqe bell push single,,,,1,,190,,,450,
1750,,,non uniqe bell push double,,,,1,,310,,,490,
1751,,,non uniqe LP+USB,,,,1,,528,,,1150,
1752,,,naflo thimble,,,,1,,315,,,650,
1753,,,ABS sink mixer ,,,,1,,1050,,,1600,
1754,,,"tanki bush 1""x 3/4""",,,,1,,140,,,350,
1755,,,"tanki bush 1-1/4""x 1""",,,,1,,270,,,480,
1756,,,goda pair (brass),,,,1,,360,,,580,
1757,,,LPG regulator 20+21+22,,,,1,,400,,,500,
1758,,,solar light 1 bulb,,,,1,,700,,,1000,
1759,,,"ball valve 1/2"" LA-58",,,,1,,400,,,590,
1760,,,"ball valve 1"" LA-58",,,,1,,750,,,1100,
1286,,,tee cock master ,,,,1,,630,,,1000,
1287,,,"jet showet 8""x 8"" steel",,,,1,,690,,,1500,
1288,,,"jet shower 6""(diamond) ss",,,,1,,470,,,800,
1289,,,"l koni 3"" N",,,,1,,12,,,30,
1290,,,kashti clamp,,,,1,,60,,,100,
1291,,,"bell cover 3"" (china)",,,,1,,190,,,350,
1292,,,"gas nozle 3/4""",,,,1,,35,,,100,
1293,,,hand shower (china),,,,1,,900,,,1850,
1294,,,ABS basin mixer ,,,,1,,780,,,1250,
1295,,,fan sheet,,,,1,,32.5,,,50,
1296,,,hob steel gole,,,,1,,6500,,,8500,
1297,,,mirror plastic,,,,1,,450,,,1000,
1298,,,vanity mixer pull out,,,,1,,2900,,,6500,
1299,,,vanity mixer long (spring),,,,1,,8500,,,12000,
1300,,,flexible neck china (H),,,,1,,430,,,900,
1301,,,foam big,,,,1,,47.2222,,,80,
1302,,,cooker ruber (L),,,,1,,300,,,600,
1303,,,ABS side pilar cock ,,,,1,,430,,,800,
1304,,,shelf tray plastic,,,,1,,300,,,500,
1305,,,iron thermostat,,,,1,,50,,,150,
1306,,,extention small,,,,1,,120,,,280,
1307,,,hinges 6' feet ,,,,1,,300,,,380,
1308,,,itc bulb 5w,,,,1,,110,,,150,
1309,,,factor smd 7w (3 in 1),,,,1,,300,,,450,
1310,,,board plastic 4p,,,,1,,240,,,400,
1311,,,"packing tape 2"" (80 yrd.)",,,,,,240,,,550,
1312,,,conector strip 10amp,,,,1,,40,,,80,
1313,,,conector strip 15amp,,,,1,,82.5,,,150,
1314,,,conector strip 30amp,,,,1,,165,,,250,
1315,,,smd down light 15w adj.,,,,1,,420,,,600,
1316,,,ABS sink cock,,,,1,,410,,,700,
1317,,,guarden belcha,,,,1,,200,,,350,
1478,,,"earl draz 8"" (m)",,,,1,,275,,,480,
1479,,,khurpa (M),,,,1,,150,,,300,
1480,,,genti + dasta,,,,1,,800,,,1100,
1481,,,hamer steel,,,,,,340,,,500,
1482,,,"nail 2""x12",,,,1,,320,,,350,
1483,,,taghari,,,,1,,335,,,450,
1484,,,"hinges 2""",,,,1,,16,,,60,
1485,,,"hinges 4""",,,,1,,55,,,80,
1486,,,"hinges 5"" bearing (pair)",,,,1,,390,,,550,
1487,,,"door spring 6""",,,,1,,350,,,500,
1488,,,gate bush,,,,1,,95,,,150,
1489,,,"union washer 1-1/4""",,,,1,,50,,,80,
1490,,,kunda chapka,,,,1,,41,,,100,
1491,,,ABS bib cock,,,,1,,200,,,350,
1492,,,frame patri,,,,1,,8,,,30,
1493,,,samad bond (dabi),,,,1,,400,,,480,
1494,,,samad bond (Qtr.) 1000ml,,,,1,,850,,,1050,
1495,,,"digit 9"" golden",,,,1,,520,,,700,
1496,,,mashallah fancy (gold),,,,1,,4250,,,5500,
1497,,,ABS tee cock,,,,1,,210,,,350,
1498,,,door bell ding dong,,,,1,,290,,,480,
1499,,,coolar pump (25w) H,,,,1,,580,,,850,
1500,,,bracket fan sk,,,,1,,7250,,,9500,
1501,,,meter tape 16' (H),,,,1,,213.75,,,350,
1502,,,wood polish 250ml,,,,1,,200,,,400,
1503,,,ABS double bib cock,,,,1,,460,,,700,
1504,,,"smt disc stone disc 7""",,,,1,,290,,,350,
1505,,,emulsion galon (vinca),,,,1,,650,,,1200,
1506,,,wood polish 500ml,,,,1,,350,,,600,
1507,,,"bell cover 3""",,,,1,,60,,,150,
1508,,,"bell cover 6""",,,,1,,80,,,180,
1509,,,bottle trap cp (china),,,,1,,680,,,1300,
1761,,,"dabi screw 3""x 10 mt",,,,1,,683,,,850,
1762,,,"dabi screw 4""x 10 mt",,,,1,,830,,,1050,
1763,,,"LCD bracket 40"" & 65"" big",,,,1,,900,,,1800,
1764,,,"LCD bracket 50"" medium",,,,1,,370,,,900,
1765,,,impeler 1/2 hp,,,,1,,130,,,450,
1766,,,impeler 1 hp,,,,1,,430,,,700,
1767,,,ac remote universal,,,,1,,500,,,950,
1768,,,zeco smd down light 7w,,,,1,,165,,,250,
1769,,,element thermostate,,,,1,,650,,,1500,
1770,,,element 2000w,,,,1,,38,,,120,
1771,,,element 3000w,,,,1,,98,,,150,
1772,,,ferry light multi color,,,,1,,75,,,250,
1773,,,extention w/o wire opk,,,,1,,245,,,500,
1774,,,"flexible pipe2"" feet",,,,1,,23,,,50,
1775,,,element geyser 1500w italy,,,,1,,3000,,,4000,
1776,,,porta filter (H),,,,1,,380,,,800,
1777,,,dada bottle (special),,,,1,,1200,,,2000,
1778,,,spindal  half round,,,,1,,410,,,750,
1779,,,"pvc clean out 4""",,,,1,,235.04,,,300,
1780,,,"super master floor waste 6""",,,,1,,300,,,850,
1781,,,"pvc mf tee 3""",,,,1,,216.32,,,330,
1782,,,"pvc mf tee 4""",,,,1,,304.72,,,490,
1783,,,"pvc wall socket 3""",,,,1,,360,,,430,
1784,,,steel nail (20 No.),,,,1,,395,,,600,
1785,,,"jali exaust 8"" wood",,,,1,,350,,,450,
1786,,,"union washer 1-1/2""",,,,1,,60,,,120,
1787,,,"fan dimer 3"" matrix",,,,1,,800,,,1100,
1788,,,2 core 23/76 coper,,,,1,,30,,,80,
1789,,,dispensor button,,,,1,,40,,,100,
1790,,,tomzn breaker 63amp (4pole),,,,1,,2100,,,3500,
1791,,,saal,,,,1,,150,,,200,
1824,,,earthing rod,,,,1,,4400,,,7500,
1825,,,mosketo killer 6w,,,,1,,2150,,,3000,
1826,,,"IA safety valve 1"" (blue daba)",,,,1,,664.83,,,1250,
1827,,,km bell push,,,,1,,160,,,350,
1828,,,belt hook (pranda),,,,1,,180,,,350,
1829,,,sink mixer (N),,,,1,,1500,,,2500,
1830,,,"disc HRS 4""",,,,1,,450,,,650,
1831,,,"disc HRS 5""",,,,1,,650,,,800,
1832,,,faco silver pipe 1-1/4 meter,,,,1,,720,,,1350,
1833,,,faco kitchen hose,,,,1,,720,,,1500,
1834,,,"scraper 8""x4""",,,,1,,105,,,180,
1835,,,driver screw gutka,,,,1,,108.33,,,200,
1836,,,"driver screw 10""",,,,1,,275,,,500,
1837,,,shisha wiper,,,,1,,120,,,200,
1838,,,bottle trap brass,,,,1,,1550,,,3500,
1839,,,gas heater 444,,,,1,,3600,,,5500,
1840,,,db box breaker 013 con.,,,,,,1990,,,2800,
1841,,,wire brush golden,,,,1,,62,,,150,
1842,,,"warma 14 mm (hilti) 6""",,,,1,,150,,,250,
1843,,,"l rod 12""",,,,1,,340,,,450,
1844,,,solar light 02bulb,,,,1,,1050,,,1450,
1845,,,belt hook big crystal,,,,1,,110,,,250,
1846,,,regmar water proof,,,,1,,48,,,80,
1847,,,"nut bolt 1/4 x 3"" (galv.)",,,,1,,10,,,30,
1848,,,"tower bolt 4"" brass",,,,1,,240,,,350,
1849,,,door bell active,,,,1,,340,,,550,
1850,,,"TFE safety valve 1"" spell",,,,1,,1290,,,1890,
1851,,,solar light 03bulb,,,,1,,1350,,,1800,
1852,,,hi tech geyser 35g dual,,,,1,,31500,,,38000,
1853,,,multi light plug double time star,,,,1,,690,,,1050,
1854,,,dk smd 12w anda,,,,1,,220,,,400,
1855,,,car pump 12w,,,,1,,2300,,,3500,
2021,,,filter cone veitnam (set),,,,1,,750,,,1500,
2022,,,rawal plug daba white,,,,1,,75,,,200,
2023,,,rawal plug daba red,,,,1,,75,,,150,
2024,,,ali akber glue tube,,,,1,,270,,,550,
2025,,,extention wire,,,,1,,180,,,400,
2026,,,garden magic hose,,,,1,,1200,,,2500,
2027,,,gas heater 101,,,,1,,1050,,,1650,
2028,,,hob kenwood shisha,,,,1,,7800,,,10800,
2029,,,2 core 7/52,,,,1,,75,,,150,
2030,,,carbon bush (sewing machine),,,,1,,30,,,80,
2031,,,electric heater sun moving,,,,1,,2100,,,3200,
2032,,,gas heater 202,,,,1,,1650,,,2700,
2033,,,glue pkt. 200grm,,,,1,,100,,,200,
2034,,,bearing 607 ~ 629 Bearmax,,,,1,,140,,,200,
2035,,,bearing 6000,,,,1,,160,,,220,
2036,,,gas heater 666,,,,1,,2400,,,3800,
2037,,,gas heater rino 776,,,,1,,2200,,,3500,
2038,,,gas heater 404,,,,1,,1850,,,2850,
2039,,,"steel paya 2""",,,,1,,65,,,100,
2040,,,grip led bulb 12w,,,,1,,138,,,250,
2041,,,led tube 20w (double) 2 feet rock,,,,1,,720,,,1000,
2042,,,machine lock (big),,,,1,,950,,,1800,
2043,,,wm inlet nozle,,,,1,,175,,,350,
2044,,,welding glasses,,,,1,,70,,,120,
2045,,,"digits 8""",,,,1,,450,,,550,
2046,,,"digits 10""",,,,1,,500,,,600,
2047,,,pad lock 32mm gold,,,,1,,132,,,200,
2048,,,pad lock 38mm gold,,,,1,,166,,,250,
2049,,,pad lock 50mm gold,,,,1,,270.8,,,500,
2050,,,2 core 7/36 (coper),,,,1,,165,,,290,
2051,,,filter module,,,,1,,300,,,800,
2052,,,electric heater zeco,,,,1,,950,,,1600,
2053,,,electric heater seco+zeco,,,,1,,1300,,,2000,
2054,,,water filter jumbo slim,,,,1,,2800,,,5500,
2055,,,"mashallah 24""x 9""",,,,1,,1900,,,3000,
2056,,,bulb candle 60w,,,,1,,80,,,120,
2057,,,"crome pipe 1"" length",,,,1,,1300,,,1700,
2058,,,"crome pipe 1"" (loose)",,,,,,65,,,90,
2059,,,bearing 6001,,,,1,,170,,,250,
2060,,,bearing 6200,,,,1,,160,,,220,
2061,,,ac gas 410A,,,,1,,2365,,,3000,
2062,,,air coolat button 2way,,,,1,,50,,,150,
2063,,,"ktz ball valve 1""ss",,,,1,,750,,,1250,
2064,,,gloves heavy,,,,1,,165,,,200,
2065,,,hi tech geyser 15g elec.,,,,1,,14500,,,17500,
2066,,,bearing 6201,,,,1,,170,,,250,
2067,,,"nalka mixer 6"" choras",,,,1,,1625,,,3800,
2068,,,"mashalllah 30""x 12""",,,,1,,2900,,,3500,
2069,,,pad lock 63mm gold,,,,1,,375,,,550,
2070,,,battery 9volt,,,,1,,120,,,200,
2071,,,meter box (H),,,,1,,2800,,,3200,
2072,,,steel wire 10yrd,,,,1,,150,,,350,
2073,,,steel wire 15yrd,,,,1,,200,,,450,
2074,,,paint ruler,,,,1,,290,,,500,
2075,,,kerosine oil,,,,1,,350,,,350,
2076,,,bulb E-14,,,,1,,290,,,400,
2077,,,km 3pin light shoe,,,,1,,175,,,300,
2078,,,thermostate tesla,,,,1,,3530,,,5000,
2079,,,khunti double tape,,,,1,,100,,,250,
2080,,,nut # 6mm,,,,1,,2,,,10,
2081,,,nut # 8mm,,,,1,,3,,,10,
2082,,,nut # 10mm,,,,1,,4,,,10,
2083,,,flaper exaust fan,,,,1,,220,,,400,
2084,,,"earl draz10"" medium",,,,1,,280,,,550,
2085,,,"earl draz 10"" medium",,,,1,,280,,,550,
2148,,,"smt disc diamond 4""",,,,1,,715,,,850,
2149,,,"smt disc diamond 5""",,,,1,,1230,,,1380,
2150,,,"smt disc diamond 7""",,,,1,,1610,,,1800,
2151,,,"smt disc ss 4""mm",,,,1,,87,,,150,
2152,,,"smt disc ss 5""mm",,,,1,,135,,,180,
2153,,,silicone gun olym,,,,1,,350,,,550,
2154,,,"smt disc premium 4""",,,,1,,770,,,950,
2155,,,"smt disc premium 5""",,,,1,,1230,,,1350,
2156,,,smt hole saw 14mm,,,,1,,196,,,250,
2157,,,smt hole saw 38mm,,,,1,,456,,,580,
2158,,,smt drill machine 6220,,,,1,,8700,,,10500,
2159,,,smt drill machine 6224,,,,1,,10900,,,11900,
2160,,,l key #12 single,,,,1,,330,,,450,
2161,,,"smt grinder 4"" 8521",,,,1,,6000,,,7000,
2162,,,"smt grinder 4"" 8522",,,,1,,6500,,,7500,
2163,,,"smt grinder 4"" 8523",,,,1,,7500,,,8500,
2164,,,"smt grinder 5"" 8525",,,,1,,7200,,,8200,
2165,,,"smt grinder 5"" 8524-B",,,,1,,8200,,,9200,
2166,,,"smt grinder 7"" 8317",,,,1,,12100,,,13500,
2167,,,thinner pound,,,,1,,180,,,280,
2168,,,thinner Qtr,,,,1,,490,,,700,
2169,,,thinner galon,,,,1,,1500,,,1950,
2170,,,wood laquer Qtr.,,,,1,,750,,,900,
2171,,,wood sealer Qtr.,,,,1,,880,,,1150,
2172,,,elfy varnish Qtr.,,,,1,,590,,,850,
2173,,,paint ruler texture,,,,1,,450,,,750,
2174,,,male female (H),,,,1,,144,,,200,
2175,,,factor tube 40w double,,,,1,,1140,,,1700,
2176,,,paint remover,,,,1,,790,,,980,
2177,,,paint ruler tray,,,,1,,200,,,350,
2178,,,paint ruler stick 2mtr,,,,1,,290,,,550,
2241,,,"nut bolt 3/8 x 3"" (galv.)",,,,1,,29,,,60,
2242,,,"nut bolt 3/8 x 4"" (galv.)",,,,1,,37,,,70,
2243,,,"nut bolt 1/2 x 1"" (galv.)",,,,1,,28,,,50,
2244,,,"nut bolt 1/2 x 1-1/2"" (galv.)",,,,1,,30,,,60,
2245,,,"nut bolt 1/2 x 2"" (galv.)",,,,1,,40,,,70,
2246,,,"nut bolt 1/2 x 3"" (galv.)",,,,1,,60,,,90,
2247,,,"nut bolt 1/2 x 4"" (galv.)",,,,1,,70,,,100,
2248,,,"nut bolt 5/16 x 4"" (galv.)",,,,1,,22,,,50,
2249,,,"plastic pipe 18"" ss",,,,1,,100,,,300,
2250,,,"plastic pipe 24"" ss",,,,1,,120,,,350,
2251,,,plastic pipe 1 meter ss,,,,1,,110,,,400,
2252,,,combination spaner 8mm,,,,1,,120,,,200,
2253,,,combination spaner 9mm,,,,1,,130,,,210,
2254,,,combination spaner 10mm,,,,1,,130,,,190,
2255,,,combination spaner 11mm,,,,1,,130,,,200,
2256,,,combination spaner 12mm,,,,1,,150,,,210,
2257,,,combination spaner 13mm,,,,1,,150,,,210,
2258,,,combination spaner 14mm,,,,1,,165,,,230,
2259,,,combination spaner 15mm,,,,1,,185,,,250,
2260,,,combination spaner 16mm,,,,1,,270,,,350,
2261,,,combination spaner 17mm,,,,1,,235,,,360,
2262,,,combination spaner 18mm,,,,1,,330,,,450,
2263,,,combination spaner 19mm,,,,1,,340,,,480,
2264,,,y tee pana small,,,,1,,180,,,380,
2265,,,"ac aero flex 3/4""",,,,1,,160,,,250,
2266,,,l key single long,,,,1,,84,,,150,
2267,,,parda latoo (s),,,,1,,80,,,150,
2268,,,"drill warma 12mm (hilti) 18""",,,,1,,350,,,550,
2269,,,crome bracket chadri,,,,1,,50,,,100,
2270,,,ari frame (H),,,,1,,450,,,650,
1318,,,head crome (super asia),,,,1,,75,,,300,
1319,,,extention 818 (m),,,,1,,190,,,450,
1320,,,2 core 3/29 (coper) 6.320,,,,1,,92.5,,,150,
1321,,,2 core 7/29 (coper) 6.430,,,,1,,115,,,200,
1322,,,ac cable 70/76 (2 core) 8.780,,,,1,,119.318,,,250,
1323,,,motor fan ,,,,1,,100,,,250,
1324,,,PU foam 500ml,,,,1,,580,,,750,
1325,,,"Ha exaust 8""(plastic)",,,,1,,2850,,,3600,
1326,,,"Ha exaust 10""(plastic)",,,,1,,2680,,,3800,
1327,,,"Ha exaust 10""(metal)",,,,1,,2350,,,4000,
1328,,,"Ha exaust 12""(metal)",,,,1,,2250,,,4200,
1329,,,missile motor box,,,,1,,1550,,,2500,
1330,,,"loose screw 2-1/2"" dzn.",,,,1,,50,,,120,
1331,,,"pedistal fan 24""",,,,1,,7600,,,10500,
1332,,,"jali exaust 13"" wood",,,,1,,350,,,550,
1333,,,cable rg-6,,,,1,,1120,,,1650,
1334,,,cable rg-7,,,,1,,1320,,,1800,
1335,,,hob steel choras,,,,1,,7500,,,9500,
1336,,,"warma 13mm (hilti) 6""",,,,1,,130,,,220,
1337,,,goti rod small,,,,1,,200,,,450,
1338,,,goti rod big,,,,1,,300,,,600,
1339,,,chabi 6-7 mm,,,,1,,110,,,160,
1340,,,chabi 8-9 mm,,,,1,,115,,,170,
1341,,,chabi 10-11 mm,,,,1,,130,,,200,
1342,,,chabi 12-13 mm,,,,1,,150,,,230,
1343,,,chabi 14-15 mm,,,,1,,200,,,280,
1344,,,hob shisha degi jali,,,,1,,9500,,,12500,
1345,,,hob shisha injector burner,,,,1,,8500,,,11500,
1346,,,element 4000 w,,,,1,,100,,,180,
1347,,,element 5000 w,,,,1,,140,,,200,
1348,,,lock cylender small (brass),,,,1,,400,,,550,
1510,,,bib cock turkey,,,,1,,92,,,250,
1511,,,spindal goti ,,,,1,,38,,,130,
1512,,,air coolar (T set),,,,1,,50,,,180,
1513,,,smt anti rust wd 40,,,,1,,410,,,600,
1514,,,"self screw 1/2""x8",,,,1,,218,,,260,
1515,,,"self screw 5/8""x8",,,,1,,252,,,300,
1516,,,"self screw 3/4""x8",,,,1,,275,,,350,
1517,,,"self screw 1""x8",,,,1,,332,,,390,
1518,,,"self screw 1-1/4""x8",,,,1,,398,,,490,
1519,,,"self screw 1-1/2""x8",,,,1,,450,,,550,
1520,,,branji nail pkt,,,,1,,399,,,480,
1521,,,MT pad lock 30mm,,,,1,,366,,,550,
1522,,,MT pad lock 40mm,,,,1,,555.75,,,800,
1523,,,MT pad lock 50mm,,,,1,,712.5,,,1000,
1524,,,MT wire lock 12mm,,,,1,,845,,,1300,
1525,,,magnet catcher (B),,,,1,,45,,,60,
1526,,,magnet catcher (S),,,,1,,26,,,50,
1527,,,schneider breaker 10amp ,,,,1,,400,,,600,
1528,,,kitchen hinges 3D(1 daba),,,,1,,150,,,200,
1529,,,board plastic 6p,,,,1,,300,,,550,
1530,,,"smt disc stone disc 9""",,,,1,,270,,,350,
1531,,,blower olympia - 501,,,,1,,3200,,,3800,
1532,,,shoe 3pin light exelent,,,,1,,138,,,200,
1533,,,led tube 40w (double) 2 feet,,,,1,,650,,,1000,
1534,,,"jali degi 6"" ",,,,1,,450,,,750,
1535,,,"jali degi 9""",,,,1,,950,,,1500,
1536,,,"man hole 24"" (degi ICIE)",,,,1,,5500,,,8000,
1537,,,"man hole 24"" (degi AMF)",,,,1,,7500,,,9500,
1538,,,"man hole 12"" (degi ICIE)",,,,1,,1315,,,2000,
1539,,,"jali degi 12""",,,,1,,1335,,,1850,
1540,,,"man hole 15"" (degi ICIE)",,,,1,,2400,,,3500,
1792,,,"l koni 1-1/2"" N",,,,1,,4.9,,,15,
1793,,,"l koni 2"" N",,,,1,,6.6,,,20,
1794,,,china tee cock (double),,,,1,,310,,,600,
1795,,,spindal screw ss,,,,1,,6,,,10,
1796,,,battery water,,,,1,,80,,,150,
1797,,,tel dabi,,,,1,,45,,,120,
1798,,,"ktc ball valve 3/4""",,,,1,,1288,,,1590,
1799,,,"gi nipple 1/4""",,,,1,,20,,,60,
1800,,,"parda pipe 1"" GT",,,,1,,550,,,900,
1801,,,schneider breaker 16amp ,,,,1,,400,,,650,
1802,,,schneider breaker 20amp ,,,,1,,400,,,650,
1803,,,"diamond master man hole 12"" steel",,,,1,,950,,,1500,
1804,,,"diamond master man hole 15"" (steel)",,,,1,,1000,,,2100,
1805,,,"diamond master man hole 18"" (steel)",,,,1,,1950,,,2800,
1806,,,"diamond master man hole 24""(steel)",,,,1,,4350,,,5500,
1807,,,"Mt plier 8""",,,,1,,705,,,1200,
1808,,,"gi pipe 1/2"" IIL",,,,1,,2550,,,3000,
1809,,,"gi pipe 3/4"" IIL",,,,1,,3800,,,4500,
1810,,,"gi pipe 1"" IIL",,,,1,,4613,,,5800,
1811,,,rat killer,,,,1,,80,,,150,
1812,,,fly killer makhi,,,,1,,120,,,200,
1813,,,"binding tape 1-1/2"" (5 yrd.)",,,,1,,90,,,250,
1814,,,gas machine (N),,,,1,,950,,,1350,
1815,,,"drill warma 20mm (hilti) 6""",,,,1,,250,,,400,
1816,,,RGB bulb,,,,1,,240,,,500,
1817,,,pad lock desi,,,,1,,500,,,800,
1818,,,"binding tape (1-1/2"" 20 yrd.)",,,,1,,185,,,450,
1819,,,glint,,,,1,,200,,,250,
1820,,,wood proofer ,,,,1,,425,,,500,
1821,,,WiFi plug,,,,1,,2350,,,3500,
1822,,,smd 8w,,,,1,,100,,,220,
1823,,,sea star SBR 1ltr.(LITE),,,,1,,360,,,600,
1856,,,"tower bolt 6"" brass",,,,1,,360,,,480,
1857,,,"tower bolt 8"" brass",,,,1,,480,,,650,
1858,,,ppr cutter (H),,,,1,,1000,,,1250,
1859,,,duct 40x40 accufit,,,,1,,609.12,,,980,
1860,,,"draz lock 1"" (H)",,,,1,,245.8333,,,350,
1861,,,"draz lock 1-1/4"" (H)",,,,1,,170,,,380,
1862,,,"draz lock 1-1/2"" (H)",,,,1,,284,,,400,
1863,,,aluminium latch,,,,1,,80,,,150,
1864,,,hi tech geyser 35g dual (Heavy Duty),,,,1,,40000,,,50000,
1865,,,battery 4v 4amp,,,,1,,1000,,,1250,
1866,,,"ktz ball valve 1/2"" ss",,,,1,,380,,,600,
1867,,,"handle 10""",,,,1,,250,,,950,
1868,,,polish color,,,,1,,110,,,150,
1869,,,"handle 12""",,,,1,,300,,,1100,
1870,,,imersion rod royal,,,,1,,320,,,600,
1871,,,imersion rod panasonic,,,,1,,260,,,500,
1872,,,sub meter medium,,,,,,1500,,,2500,
1873,,,spindal screw brass,,,,1,,13,,,20,
1874,,,non n1 bp double,,,,1,,289,,,480,
1875,,,"machine screw 1/4 x 1"" loose",,,,1,,5,,,15,
1876,,,hob steel,,,,1,,6150,,,8500,
1877,,,basin mixer electric,,,,1,,3500,,,4500,
1878,,,"km safety sheet 3""",,,,1,,60,,,100,
1879,,,tile qalam,,,,1,,250,,,350,
1880,,,mirror clip square cp,,,,1,,88,,,200,
1881,,,aluminium cylender,,,,1,,380,,,500,
1882,,,parda runer,,,,1,,34,,,80,
1883,,,"l bracket 6"" (H)",,,,1,,150,,,200,
1884,,,"l bracket 8"" (H)",,,,1,,175,,,250,
1885,,,"l bracket 10"" (H)",,,,1,,210,,,300,
1886,,,"l bracket 12"" (H)",,,,1,,225,,,350,
1887,,,castic soda 250grm,,,,1,,100,,,150,
2086,,,"earl draz 12"" medium",,,,1,,290,,,600,
2087,,,ro inlet valve,,,,1,,400,,,700,
2088,,,ro goda nozle ,,,,,,350,,,550,
2089,,,factor 18w adj,,,,1,,420,,,650,
2090,,,"earl draz 8"" heavy",,,,1,,290,,,600,
2091,,,"earl draz 12"" heavy",,,,1,,310,,,650,
2092,,,cable tel 1pair,,,,1,,20,,,50,
2093,,,km 3pin power shoe,,,,1,,200,,,300,
2094,,,hob shisha,,,,1,,8100,,,9500,
2095,,,elfy 50grm (star),,,,1,,220,,,280,
2096,,,exelent lead small,,,,1,,2000,,,3000,
2097,,,exelent lead big,,,,1,,2350,,,3500,
2098,,,filter tee brass,,,,1,,650,,,1200,
2099,,,"gi socket 1-1/2"" x 1-1/4""",,,,1,,313.02,,,450,
2100,,,PU foam 700ml,,,,1,,680,,,950,
2101,,,barfi jali 4',,,,1,,40,,,60,
2102,,,kitchen warma,,,,1,,250,,,450,
2103,,,tinter tube,,,,1,,27,,,40,
2104,,,epoxi set 200ml,,,,1,,420,,,750,
2105,,,epoxi set 500ml,,,,1,,1860,,,2200,
2106,,,"hinges 4"" bearing",,,,1,,320,,,480,
2107,,,"steel paya 3""",,,,1,,75,,,120,
2108,,,"steel paya 4""",,,,1,,90,,,150,
2109,,,star master ceto IFO,,,,1,,7700,,,10500,
2110,,,wall shower rod 4' (H),,,,1,,600,,,1500,
2111,,,cc,,,,1,,0,,,0,
2112,,,door bell wireless (voye),,,,1,,1070,,,1500,
2113,,,welding rod no.12,,,,1,,850,,,900,
2114,,,welding rod no.10 mota,,,,1,,1600,,,1850,
2115,,,scale digital,,,,1,,400,,,700,
2116,,,scale kanda 25kg,,,,1,,425,,,600,
2179,,,paint ruler stick 3mtr,,,,1,,550,,,750,
2180,,,flexible neck folding,,,,1,,280,,,700,
2181,,,qalam brush,,,,1,,28,,,50,
2182,,,welding rod steel (per pc.),,,,1,,50,,,70,
2183,,,angethi heater (s),,,,1,,390,,,750,
2184,,,varnish dabi,,,,1,,180,,,400,
2185,,,cable tie 250mm,,,,1,,240,,,400,
2186,,,cable tie 300mm,,,,1,,300,,,550,
2187,,,gas compressor,,,,1,,1250,,,1800,
2188,,,timer super asia,,,,1,,180,,,350,
2189,,,"draz lock 1/2"" (101)",,,,1,,83.333,,,250,
2190,,,extention 099,,,,1,,460,,,900,
2191,,,"binding tape 2"" (7+10 yrd.)",,,,1,,110,,,350,
2192,,,"socket valve 1-1/4"" ARS",,,,1,,1890,,,3500,
2193,,,water tank accufit 500L RED,,,,1,,7652.44,,,9000,
2194,,,folding chabi black,,,,1,,260,,,380,
2195,,,water tank accufit 750L GREEN,,,,1,,11884.88,,,14500,
2196,,,water tank accufit 1000L GREEN,,,,1,,14876.62,,,17500,
2197,,,smt battery cable 300amp,,,,1,,605,,,1300,
2198,,,smt battery cable 400amp,,,,1,,805,,,1500,
2199,,,kitchen cleaner,,,,1,,300,,,450,
2200,,,chabi drill machine,,,,1,,70,,,200,
2201,,,"disc steel 5""(mm) GT",,,,1,,70,,,120,
2202,,,"smt grinder chabi 5""",,,,1,,187,,,350,
2203,,,"smt grinder chabi 7""+9""",,,,1,,209,,,380,
2204,,,driver screw crystal big,,,,1,,120,,,200,
2205,,,"tower bolt 12"" brass",,,,1,,720,,,1200,
2206,,,"disc 7"" HRS",,,,1,,1050,,,1450,
2207,,,ayatul kursi,,,,1,,4000,,,4500,
2208,,,combination spaner 21mm,,,,1,,320,,,450,
2209,,,combination spaner 22mm,,,,1,,340,,,480,
2210,,,combination spaner 23mm,,,,1,,410,,,550,
2271,,,mobile multi hero,,,,1,,52,,,120,
2272,,,cc,,,,1,,0,,,0,
2273,,,zahid basin mixer prifit,,,,1,,3200,,,5000,
2274,,,zahid bib cock aqua,,,,1,,730,,,1050,
2275,,,zahid tee cock aqua,,,,1,,730,,,1200,
2276,,,neck casted long,,,,1,,1200,,,1600,
2277,,,bearing 6204 NTN,,,,1,,180,,,280,
2278,,,gmsa elfy 50grm,,,,1,,255,,,300,
2279,,,cc,,,,1,,0,,,0,
2280,,,itc bulb 7w,,,,1,,120,,,200,
2281,,,dada bottle 2ltr. color,,,,1,,750,,,1200,
2282,,,naflo plastic pipe 1mtr.,,,,1,,445,,,650,
2283,,,wd 40 (200ml china),,,,1,,220,,,400,
2284,,,dori saal big,,,,1,,60,,,100,
2285,,,smt ppr heater 340 auto,,,,1,,2700,,,3200,
2286,,,smt ppr heater 341,,,,1,,2850,,,3350,
2287,,,smt ppr heater 342,,,,1,,4100,,,4600,
2288,,,smt hole saw 65mm,,,,1,,2150,,,2500,
2289,,,chabi 18-19,,,,1,,280,,,380,
2290,,,chabi 20-22,,,,1,,330,,,450,
2291,,,chabi 22-24,,,,1,,380,,,550,
2292,,,mosketo killer 8w,,,,1,,2450,,,3500,
2293,,,aar par screw,,,,1,,30,,,60,
2294,,,sea star slury,,,,1,,600,,,750,
2295,,,filter dhaga heavy,,,,1,,350,,,600,
2296,,,caurtain latoo (m),,,,1,,70,,,150,
2297,,,cc,,,,1,,0,,,0,
2298,,,ac tape wraping orignal,,,,1,,145,,,250,
2299,,,"bush 1/2""x3/4"" (golden)",,,,1,,65,,,180,
2300,,,wiper pvc (s),,,,1,,160,,,250,
2301,,,wiper pvc (m),,,,1,,200,,,300,
2302,,,wiper pvc (L),,,,1,,250,,,400,
2335,,,"IA non return valve 1""",,,,1,,1710,,,2500,
2336,,,"RBS non return  valve 3/4"" ",,,,1,,680,,,1150,
2337,,,"RBS safety valve 1"" (medium)",,,,1,,675,,,1350,
2338,,,sova led tube 24w (2 feet),,,,1,,700,,,1000,
2339,,,wind 3+1,,,,1,,201,,,450,
2340,,,wind 4g,,,,1,,198,,,450,
2341,,,wind 4+2,,,,1,,306,,,490,
2342,,,wind 6+2,,,,1,,336,,,650,
2343,,,hook # 16,,,,1,,12,,,30,
2344,,,angethi heaer (m),,,,1,,470,,,900,
2345,,,"flexible pipe 3/4""",,,,1,,11,,,30,
2346,,,sova led tube 45w (4 feet),,,,1,,1100,,,1500,
2347,,,cc,,,,1,,0,,,0,
2348,,,cc,,,,1,,0,,,0,
2349,,,cc,,,,1,,0,,,0,
2350,,,starter,,,,,,30,,,80,
2351,,,asf bib cock eco.,,,,1,,910,,,1450,
2352,,,comode kit (N),,,,1,,20,,,100,
2353,,,uniqe nut,,,,1,,30,,,150,
2354,,,plier normal,,,,1,,400,,,600,
2355,,,smt ceiling hole saw,,,,1,,0,,,0,
2356,,,asf tee cock eco. misc.,,,,1,,910,,,2000,
2357,,,asf bath set dove,,,,1,,19175,,,23500,
2358,,,bearing 608 without box,,,,1,,80,,,150,
2359,,,zeco led tube 40w (4 feet),,,,1,,1150,,,1600,
2360,,,conector strip 60 amp (loose),,,,1,,49,,,100,
2361,,,UHU glue,,,,1,,50,,,100,
2362,,,gainer pad lock 50mm ,,,,1,,390,,,580,
2363,,,"loose screw 3"" dzn.",,,,1,,85,,,160,
2364,,,"loose screw 4"" dzn.",,,,1,,100,,,180,
2365,,,"dabi screw 3""x 8 ",,,,1,,440,,,750,
2366,,,faco toilet shower ECHO set,,,,1,,1677,,,2300,
1349,,,lock cylender big (brass),,,,1,,600,,,750,
1350,,,presure guage,,,,1,,520,,,650,
1351,,,presure guage bush,,,,1,,140,,,250,
1352,,,dawn shelf ,,,,1,,250,,,450,
1353,,,ac bracket imported,,,,1,,780,,,1200,
1354,,,filter chabi (s),,,,1,,120,,,250,
1355,,,rope light (loose),,,,1,,93,,,150,
1356,,,extention,,,,1,,290,,,450,
1357,,,keef small,,,,1,,50,,,100,
1358,,,sub meter,,,,1,,650,,,1000,
1359,,,fuse white + big,,,,1,,22.5,,,50,
1360,,,"jali exaust 6"" wood",,,,1,,300,,,450,
1361,,,dada triger spray,,,,1,,50,,,100,
1362,,,asf side pilar cock,,,,1,,2080,,,3500,
1363,,,hob shisha china burner,,,,1,,10500,,,13500,
1364,,,cable rg-6 loose,,,,1,,16,,,60,
1365,,,cable rg-7 loose,,,,1,,19,,,70,
1366,,,chenab motor 2hp,,,,1,,22000,,,28000,
1367,,,"jet shower 4""(diamond) ss",,,,1,,300,,,500,
1368,,,teflon tape (DENA),,,,1,,40,,,80,
1369,,,"anchor bolt 5/16""",,,,1,,28,,,40,
1370,,,"anchor bolt 3/8""",,,,1,,52,,,70,
1371,,,flood light 50w wintime,,,,1,,650,,,1600,
1372,,,multi shoe (M),,,,1,,210,,,300,
1373,,,mosketo killer 10w,,,,1,,2750,,,3900,
1374,,,CAT- 6 data cable,,,,1,,20,,,60,
1375,,,2 core 40/76 copper (5.370),,,,1,,80,,,120,
1376,,,wiper jala,,,,1,,210,,,350,
1377,,,"mosketo rod 12""",,,,1,,260,,,450,
1378,,,"mosketo rod 18""",,,,1,,360,,,600,
1379,,,GFC capacitor 7.5uf,,,,1,,200,,,350,
1380,,,GFC capacitor 10uf,,,,1,,202,,,450,
1541,,,"man hole 18"" (degi ICIE)",,,,1,,3000,,,4500,
1542,,,MT cylender big (brass),,,,1,,990,,,1500,
1543,,,MT machine lock (L),,,,1,,1050,,,2500,
1544,,,"nut bolt 3/8 x 2-1/2"" (galv.)",,,,1,,25,,,60,
1545,,,khunti aluminium,,,,1,,110,,,180,
1546,,,gas pipe korian (H),,,,1,,30,,,50,
1547,,,porta saifan china (patta),,,,1,,630,,,950,
1548,,,"shisha bracket 6""",,,,1,,126,,,200,
1549,,,cell small Ag4,,,,1,,25,,,100,
1550,,,hook #12+14,,,,1,,9,,,30,
1551,,,bouncer termite 100ml,,,,1,,180,,,300,
1552,,,"shisha exaust 6"" (H)",,,,1,,2050,,,3000,
1553,,,MT pad lock 60mm,,,,1,,803,,,1150,
1554,,,board 5pcs blank,,,,1,,65,,,120,
1555,,,black cobra spray L,,,,1,,640,,,850,
1556,,,ali akber guardian 100ml,,,,1,,200,,,450,
1557,,,black cobra spray S,,,,1,,370,,,600,
1558,,,english 3/29 (HQ) 1.9,,,,1,,3800,,,4800,
1559,,,english 7/29 (HQ) 2.9,,,,1,,8000,,,9000,
1560,,,english 7/36 (HQ) ,,,,1,,10500,,,13500,
1561,,,"floor waste steel 4""",,,,1,,220,,,450,
1562,,,power plus machine,,,,1,,350,,,450,
1563,,,grip smd 7w,,,,1,,160,,,200,
1564,,,wiper brush china,,,,1,,250,,,450,
1565,,,wiper steel (L),,,,1,,380,,,550,
1566,,,zahid bath set lever grohee,,,,1,,10600,,,17000,
1567,,,zahid bath set lever ferari,,,,1,,9270,,,16000,
1568,,,zahid bath set falcon,,,,,,8200,,,15000,
1569,,,zahid bath set diamond flower,,,,1,,7345,,,14500,
1570,,,zahid bath set diamond prifit,,,,1,,11000,,,16000,
1571,,,zahid bath set diamond u head,,,,1,,6475,,,14000,
1888,,,key holder chabi,,,,1,,140,,,250,
1889,,,key holder tree,,,,1,,260,,,450,
1890,,,dabi lock,,,,1,,400,,,600,
1891,,,parda hook,,,,1,,25,,,80,
1892,,,geyser plate,,,,1,,250,,,450,
1893,,,"disc masala 14"" olympia",,,,1,,440,,,550,
1894,,,"gas valve 1/2"" chutki",,,,1,,230,,,650,
1895,,,iron shoe,,,,1,,65,,,120,
1896,,,"drill warma 16mm (hilti) 6""",,,,1,,150,,,250,
1897,,,"drill warma 14mm (hilti) 18""",,,,1,,400,,,650,
1898,,,"drill warma 16mm (hilti) 18""",,,,1,,500,,,650,
1899,,,"drill warma 18mm (hilti) 18""",,,,1,,380,,,700,
1900,,,"drill warma 20mm (hilti) 18""",,,,1,,300,,,750,
1901,,,"drill warma 25mm (hilti) 18""",,,,1,,600,,,900,
1902,,,bouncer termite 1ltr,,,,1,,1800,,,3000,
1903,,,hamer ktc (L),,,,1,,650,,,850,
1904,,,pad lock 25mm gold,,,,1,,79.6,,,120,
1905,,,paper cutter (M),,,,1,,110,,,200,
1906,,,"dabi screw 1/2""x 4",,,,1,,78,,,100,
1907,,,"crome bracket 1"" single",,,,1,,85,,,180,
1908,,,crome almari bracket,,,,1,,55,,,100,
1909,,,parda latoo (N),,,,1,,47.5,,,100,
1910,,,battery 6v 4.5amp,,,,1,,1500,,,2300,
1911,,,nawar cloth kg,,,,1,,280,,,480,
1912,,,dori gola jute,,,,1,,130,,,200,
1913,,,rope light connector (H),,,,1,,120,,,180,
1914,,,"juiblee clamp 6""",,,,1,,80,,,150,
1915,,,"faco jet shower 8""x8""",,,,1,,4485,,,7500,
1916,,,faco jet shower single ,,,,1,,1248,,,2000,
1917,,,faco jet shower 5 way,,,,1,,1911,,,2800,
1918,,,english 7/44 (HQ),,,,1,,21000,,,26000,
2117,,,scale kanda 50kg,,,,1,,420,,,650,
2118,,,scale kanda 100kg,,,,1,,550,,,850,
2119,,,parda wire,,,,1,,10,,,20,
2120,,,parda hook taar,,,,1,,1,,,5,
2121,,,khurpa (L),,,,1,,170,,,350,
2122,,,rawal plug pkt,,,,1,,20,,,50,
2123,,,red oxide primer Qtr.,,,,1,,550,,,750,
2124,,,"shine exaust 8"" metal",,,,1,,1950,,,3000,
2125,,,"shine exaust 10"" metal",,,,1,,2070,,,3500,
2126,,,"eflux exaust 8"" metal",,,,1,,3500,,,4750,
2127,,,"eflux exaust 10"" metal",,,,1,,3750,,,5000,
2128,,,"eflux exaust 8"" plastic",,,,1,,3400,,,4800,
2129,,,"eflux exaust 10"" plastic",,,,1,,3650,,,4900,
2130,,,conector strip 100amp,,,,1,,560,,,750,
2131,,,duster cloth,,,,1,,36,,,50,
2132,,,uniqe seat cover IFO,,,,1,,600,,,1200,
2133,,,uniqe thimble gaodi,,,,1,,150,,,500,
2134,,,uniqe thimble silicone,,,,1,,220,,,650,
2135,,,uniqe seat cover hydiolic,,,,1,,1100,,,2500,
2136,,,"masking tape 1"" 10yrd",,,,1,,45,,,90,
2137,,,"masking tape 2"" 10yrd",,,,1,,85,,,150,
2138,,,rawal plug 18+24,,,,1,,50,,,160,
2139,,,element 1000w,,,,1,,33,,,100,
2140,,,mb toilet shower color set,,,,1,,250,,,800,
2141,,,double tape role small,,,,1,,85,,,250,
2142,,,jharu bans,,,,1,,70.833,,,150,
2143,,,"smt disc masala steel 4""",,,,1,,102,,,150,
2144,,,"smt disc steel masala 5""",,,,1,,150,,,200,
2145,,,"smt disc steel masala 7""",,,,1,,245,,,350,
2146,,,"smt disc steel masala 9""",,,,1,,345,,,400,
2147,,,"smt disc steel masala 14""",,,,1,,520,,,600,
2211,,,combination spaner 24mm,,,,1,,460,,,600,
2212,,,philips bulb 24w,,,,1,,1824,,,2100,
2213,,,philips bulb 30w,,,,1,,2170,,,2600,
2214,,,philips bulb 40w,,,,1,,2900,,,3300,
2215,,,philips bulb 50w,,,,1,,3900,,,4400,
2216,,,"parda bracket 1""(N)",,,,1,,45,,,80,
2217,,,flood light 50w,,,,1,,650,,,950,
2218,,,double tape role big,,,,1,,850,,,1600,
2219,,,plier diamond,,,,1,,300,,,450,
2220,,,"crome bracket 1"" single (H)",,,,1,,135,,,250,
2221,,,star master basin pedistal (s),,,,1,,3500,,,5500,
2222,,,star master basin pedistal (m),,,,1,,4400,,,6500,
2223,,,star master basin pedistal (L),,,,1,,4800,,,7500,
2224,,,star master indian seat (s),,,,1,,1500,,,2500,
2225,,,star master indian seat (m),,,,1,,1500,,,2500,
2226,,,cc,,,,1,,0,,,0,
2227,,,cc,,,,1,,0,,,0,
2228,,,cc,,,,1,,0,,,0,
2229,,,cc,,,,1,,0,,,0,
2230,,,"nut bolt 5/16 x 1/2"" (galv.) bed",,,,1,,7.53,,,15,
2231,,,"nut bolt 5/16 x 3/4"" (galv.)",,,,1,,9,,,20,
2232,,,"nut bolt 5/16 x 1"" (galv.)",,,,1,,10,,,20,
2233,,,"nut bolt 5/16 x 1-1/4"" (galv.)",,,,1,,11,,,20,
2234,,,"nut bolt 5/16 x 1-1/2"" (galv.)",,,,1,,13,,,25,
2235,,,"nut bolt 5/16 x 2"" (galv.)",,,,1,,12,,,30,
2236,,,"nut bolt 3/8 x 3/4"" (galv.)",,,,1,,12,,,25,
2237,,,"nut bolt 3/8 x 1"" (galv.)",,,,1,,13,,,30,
2238,,,"nut bolt 3/8 x 1-1/4"" (galv.)",,,,1,,14,,,30,
2239,,,"nut bolt 3/8 x 1-1/2"" (galv.)",,,,1,,15,,,30,
2240,,,"nut bolt 3/8 x 2"" (galv.)",,,,1,,18,,,40,
2303,,,"bottle trap pipe 15""",,,,1,,600,,,1350,
2304,,,smt hole saw 8pcs,,,,1,,938,,,1250,
2305,,,"bottle trape pipe 18""",,,,1,,850,,,1500,
2306,,,Lpg regulator high presure,,,,1,,775,,,950,
2307,,,mortin machine,,,,1,,520,,,750,
2308,,,mortin spray S,,,,1,,520,,,750,
2309,,,Lpg regulator small,,,,1,,300,,,450,
2310,,,2 core 7/36 cc,,,,1,,35,,,80,
2311,,,helogen rod 500w,,,,1,,50,,,100,
2312,,,helogen rod hanger,,,,1,,30,,,100,
2313,,,combination spaner 20mm,,,,1,,325,,,450,
2314,,,chabi 21-23,,,,1,,350,,,480,
2315,,,"l key # 3/8"" single",,,,1,,180,,,350,
2316,,,wind 3g,,,,1,,177,,,390,
2317,,,"upvc pipe 3/4"" (SH-40)",,,,1,,495,,,590,
2318,,,"upvc elbow 3/4""",,,,1,,18.72,,,30,
2319,,,"upvc elbow 3/4"" 45*",,,,1,,18.72,,,30,
2320,,,"upvc socket 3/4""",,,,1,,16,,,30,
2321,,,"upvc tee 3/4""",,,,1,,28,,,50,
2322,,,cheni steel / kg,,,,1,,450,,,580,
2323,,,breaker kanghi coper,,,,1,,580,,,750,
2324,,,ac tape black,,,,1,,225,,,350,
2325,,,power plus spray S,,,,1,,330,,,550,
2326,,,cc,,,,1,,0,,,0,
2327,,,emulsion galon (ubex),,,,1,,450,,,900,
2328,,,M4 x 20mm (dabi),,,,1,,208,,,260,
2329,,,M4 x 25mm (dabi),,,,1,,236,,,300,
2330,,,l key #1.5+3mm single,,,,1,,42,,,80,
2331,,,silicone gun heavy,,,,1,,600,,,850,
2332,,,"upvc union 3/4""",,,,1,,62,,,100,
2333,,,"IA float valve 1"" spring",,,,1,,1912.3,,,2500,
2334,,,"IA float valve 3/4"" spring",,,,1,,1552,,,2200,
2367,,,faco toilet shower SMART set,,,,1,,1170,,,2500,
2368,,,faco toilet shower BOLD set,,,,1,,1677,,,2800,
2369,,,faco toilet shower AQUA set,,,,1,,1725,,,2600,
2370,,,faco toilet shower VIGO set,,,,1,,1935,,,3000,
2371,,,faco toilet shower EROS set,,,,1,,1860,,,2800,
2372,,,faco hand shower GLORIA,,,,1,,3030,,,5000,
2373,,,"water proof tape 4"" 1.5 mtr.",,,,1,,450,,,800,
2374,,,"water proof tape 4"" loose /feet",,,,1,,68.75,,,150,
2375,,,rivets dzn.,,,,1,,30,,,80,
2376,,,"upvc end cap 3/4""",,,,1,,10.4,,,20,
2377,,,itc bulb 40w,,,,1,,780,,,1000,
2378,,,itc bulb 50w,,,,1,,780,,,1250,
2379,,,power plus spray L,,,,1,,500,,,800,
2380,,,faco hand shower SPRING,,,,1,,2910,,,4500,
2381,,,"faco hex pipe 24""",,,,1,,358,,,650,
2382,,,faco hex pipe 1meter,,,,1,,432,,,800,
2383,,,faco chain pipe 1 meter,,,,1,,498,,,800,
2384,,,faco chain pipe 1-1/4 meter,,,,1,,540,,,1000,
2385,,,faco chain pipe 1-1/2 meter,,,,1,,666,,,1200,
2386,,,"faco conection pipe 18""",,,,1,,408,,,650,
2387,,,"faco conection pipe 24""",,,,1,,444,,,700,
2388,,,faco conection pipe 1 meter,,,,1,,600,,,1000,
2389,,,"mashallah 24""x9"" gold",,,,1,,2800,,,4000,
2390,,,"faco mixer pipe 18""x 50mm single",,,,1,,417,,,650,
2391,,,"faco mixer pipe 18""x 75mm single",,,,1,,468,,,700,
2392,,,aluminium wheel,,,,1,,60,,,100,
2393,,,tomzn breaker 63amp DC (2pole),,,,1,,1250,,,3000,
2394,,,oval bracket,,,,1,,17,,,50,
2395,,,stove paya,,,,1,,35,,,70,
2396,,,"l koni 1"" H",,,,1,,8.5,,,15,
2397,,,"l koni 1-1/2"" H",,,,1,,12.75,,,20,
2431,,,door bell exelent2,,,,1,,440,,,700,
2432,,,"TFE cp nozle 1""",,,,1,,208,,,300,
2433,,,"TFE cp nozle 1-1/2""",,,,1,,233,,,350,
2434,,,"TFE cp nozle 2""",,,,1,,320,,,380,
2435,,,"l koni 2"" H",,,,1,,17,,,25,
2436,,,"l koni 3"" H",,,,1,,25.5,,,40,
2437,,,ceiling fan,,,,1,,6000,,,8500,
2438,,,"l koni 4"" H",,,,1,,34,,,50,
2439,,,malmal 5yrd,,,,1,,135,,,200,
2440,,,cc,,,,1,,0,,,0,
2441,,,cc,,,,1,,0,,,0,
2442,,,tub ,,,,1,,730,,,1250,
2443,,,cc,,,,1,,0,,,0,
2444,,,cc,,,,1,,0,,,0,
2445,,,bachat dabi,,,,1,,210,,,300,
2446,,,balti big,,,,1,,1100,,,150,
2447,,,dust bin,,,,1,,1100,,,1700,
2448,,,cc,,,,1,,0,,,0,
2449,,,"brass nipple 1/2""x3/4""",,,,1,,65,,,230,
2450,,,wind 1g,,,,1,,99,,,350,
2451,,,wind tv,,,,1,,147,,,450,
2452,,,wind 1+1,,,,1,,141,,,390,
2453,,,wind 2way,,,,,,130,,,430,
2454,,,wind 2+1,,,,1,,168,,,560,
2455,,,wind 2+2,,,,1,,192,,,450,
2456,,,wind 5+1,,,,1,,291,,,550,
2457,,,wind 7+1,,,,1,,321,,,690,
2458,,,wind 8+2,,,,1,,360,,,700,
2459,,,wind bp,,,,1,,130,,,390,
2460,,,wind tv+tel,,,,1,,198,,,450,
2461,,,M4 x 30mm (dabi),,,,1,,266,,,320,
2462,,,cc,,,,1,,0,,,0,
2463,,,nalka mixer gole (H),,,,1,,2475,,,5000,
2464,,,water filter washer,,,,1,,15,,,50,
1381,,,GFC capacitor 20uf,,,,1,,250,,,600,
1382,,,GFC capacitor 25uf,,,,1,,330,,,700,
1383,,,cell toshiba M,,,,1,,110,,,160,
1384,,,air cooler dead nut,,,,1,,20,,,90,
1385,,,"dabi screw 2-1/2""x 6",,,,1,,340,,,450,
1386,,,non uniqe 4G & 3+1 & 2+2,,,,1,,237,,,450,
1387,,,non uniqe 2+1,,,,1,,204,,,490,
1388,,,non uniqe 5+1,,,,1,,284,,,550,
1389,,,non uniqe 6+2 & 7+1,,,,1,,379,,,590,
1390,,,non uniqe 8+2,,,,1,,425,,,650,
1391,,,non uniqe main switch,,,,1,,261,,,650,
1392,,,non uniqe multi 5+1,,,,1,,346,,,550,
1393,,,non uniqe multi 5+1 double,,,,,,441,,,700,
1394,,,non uniqe pp,,,,1,,313,,,500,
1395,,,non uniqe fan dimer,,,,1,,80,,,250,
1396,,,non uniqe tv+tel,,,,1,,216,,,450,
1397,,,duct 60x60 (china),,,,1,,625,,,1000,
1398,,,golden ceto dona ivory,,,,1,,3700,,,12500,
1399,,,lumino smd downlight 12w,,,,,,330,,,550,
1400,,,filter jug+plate,,,,1,,1100,,,2500,
1401,,,non n1 multi double,,,,1,,593,,,1250,
1402,,,local light plug (double),,,,1,,290,,,480,
1403,,,mop duster cloth (N),,,,1,,160,,,250,
1404,,,lpg stove ,,,,1,,450,,,600,
1405,,,randa blade set,,,,1,,350,,,450,
1406,,,"binding tape 2"" (30 yrd.)",,,,,,400,,,680,
1407,,,bull extention gole (M C9 2k),,,,1,,1235,,,2500,
1408,,,spindal lever kit (black),,,,1,,380,,,900,
1409,,,plastic pipe 1m (arino box),,,,1,,330,,,550,
1410,,,knob stove plastic (H),,,,1,,50,,,120,
1411,,,"GFC bracket fan 24"" mega",,,,1,,11700,,,12500,
1412,,,"GFC bracket fan 18"" copper",,,,1,,7350,,,9500,
1413,,,auto ignition gyser,,,,1,,400,,,700,
1572,,,zahid bath set diamond aqua,,,,1,,6100,,,13000,
1573,,,machine screw loose,,,,1,,15,,,40,
1574,,,guarden fawara (big),,,,1,,450,,,600,
1575,,,extention 4way GR-841,,,,1,,950,,,2250,
1576,,,"drill warma 20mm (hilti) 8""",,,,1,,300,,,450,
1577,,,M4 x 35mm (dabi),,,,1,,299,,,390,
1578,,,emergency light,,,,1,,210,,,450,
1579,,,emergency light solar (H),,,,1,,2200,,,3000,
1580,,,"nut bolt 1/4 x 3/4"" (galv.)",,,,1,,4,,,10,
1581,,,"nut bolt 1/4 x 1"" (galv.)",,,,1,,5,,,20,
1582,,,"nut bolt 1/4 x 1-1/4"" (galv.)",,,,1,,6,,,20,
1583,,,"nut bolt 1/4 x 1/2"" (galv.)",,,,1,,6,,,20,
1584,,,"nut bolt 1/4 x 2"" (galv.)",,,,1,,8,,,30,
1585,,,"nut bolt 1/4 x 2-1/2"" (galv.)",,,,1,,10,,,30,
1586,,,takora,,,,1,,100,,,200,
1587,,,par warma,,,,1,,90,,,150,
1588,,,double bib cock (rozee),,,,1,,890,,,1350,
1589,,,kitchen scale,,,,1,,700,,,1500,
1590,,,breaker 6amp,,,,1,,240,,,550,
1591,,,breaker 16amp,,,,1,,240,,,600,
1592,,,M4 x 40mm (dabi),,,,1,,340,,,450,
1593,,,M4 x 45mm (dabi),,,,1,,379,,,500,
1594,,,M4 x 50mm (dabi),,,,1,,413,,,550,
1595,,,fan dimer clipsal,,,,1,,190,,,390,
1596,,,"disc steel 5"" (mm)",,,,1,,45,,,80,
1597,,,basin mixer china marble,,,,1,,2200,,,4500,
1598,,,chain pipe 2mtr. china,,,,1,,350,,,550,
1599,,,"level 12""",,,,1,,450,,,650,
1600,,,polo lite 1G,,,,1,,151,,,390,
1601,,,polo lite 2G,,,,1,,232,,,450,
1919,,,zahid double bib cock aqua,,,,1,,1732,,,2200,
1920,,,uniqe seat cover (black),,,,1,,725,,,1250,
1921,,,bearing 6205 nachi,,,,1,,150,,,450,
1922,,,"wood cutter 4"" (30teeth)HRS",,,,1,,490,,,680,
1923,,,"wood cutter 7"" (60teeth)HRS",,,,1,,1100,,,1450,
1924,,,marker big,,,,1,,56,,,90,
1925,,,non uniqe 4+2,,,,1,,283,,,945,
1926,,,non n1 (1+1),,,,1,,224,,,390,
1927,,,non n1 (2+1),,,,1,,271,,,450,
1928,,,non n1 (3+1),,,,1,,345,,,550,
1929,,,non n1 (5+1),,,,1,,505,,,690,
1930,,,non n1 (7+1),,,,1,,545,,,750,
1931,,,non n1 (8+2),,,,1,,579,,,890,
1932,,,non n1 (tv),,,,1,,29,,,350,
1933,,,non n1multi light plug,,,,1,,418,,,700,
1934,,,non n1 (main switch),,,,1,,406,,,850,
1935,,,non n1 (2 way),,,,1,,205,,,390,
1936,,,non n1 (Lp),,,,1,,309,,,600,
1937,,,non n1 (pp),,,,1,,361,,,650,
1938,,,non n1 (fan dimer),,,,1,,100,,,300,
1939,,,wd 40 (110ml china),,,,1,,150,,,300,
1940,,,door viewer,,,,1,,200,,,400,
1941,,,sea star SBR 1ltr.(H),,,,1,,750,,,1200,
1942,,,ali akber guardian lambda pkt,,,,1,,250,,,500,
1943,,,iil pipe 25mm (PN-16),,,,1,,662,,,750,
1944,,,"juiblee clamp 3""",,,,1,,50,,,90,
1945,,,element geyser 1500w italy,,,,1,,1650,,,2200,
1946,,,iil pipe 32mm (PN-16),,,,1,,1039,,,1190,
1947,,,"km safety sheet 6""",,,,1,,80,,,150,
1948,,,marker small,,,,1,,20,,,40,
1949,,,plastic pipe 1.5m (HM master box),,,,1,,210,,,700,
1950,,,"lion man hole 24""",,,,1,,9200,,,10500,
2398,,,sabro toilet shower (cp body),,,,1,,340,,,900,
2399,,,sabro toilet shower (cp complete),,,,1,,750,,,1300,
2400,,,l key set pride medium,,,,1,,550,,,750,
2401,,,"ktz ball valve 1-1/4"" china",,,,1,,2150,,,3800,
2402,,,gate wheel,,,,1,,380,,,500,
2403,,,polo lite LP +usb,,,,1,,505,,,750,
2404,,,sub meter al-syed,,,,1,,2000,,,3000,
2405,,,"eflux axaust 12"" plastic",,,,1,,3650,,,4900,
2406,,,oil tube,,,,1,,165,,,250,
2407,,,varnish Qtr.,,,,1,,500,,,750,
2408,,,brush toilet box,,,,1,,180,,,300,
2409,,,eflux moon light adj. 24w,,,,1,,700,,,950,
2410,,,marble jelly,,,,1,,160,,,250,
2411,,,scale digital (H),,,,1,,550,,,800,
2412,,,mosketo killer 40w,,,,1,,3500,,,5500,
2413,,,plastic sheet white mtr.,,,,1,,86.61,,,150,
2414,,,cotton waste,,,,1,,25,,,50,
2415,,,"mashallah 30""x12"" gold",,,,1,,3500,,,5000,
2416,,,"hood pipe 2m 4""",,,,1,,700,,,950,
2417,,,"hood pipe 3m 4""",,,,1,,850,,,1300,
2418,,,acrylic 1/2kg,,,,1,,28,,,150,
2419,,,acrylic 1kg,,,,1,,55,,,250,
2420,,,packing dori (big),,,,1,,80,,,150,
2421,,,xl multi 5 in1 (double),,,,1,,707,,,1200,
2422,,,fridge bulb led,,,,1,,125,,,200,
2423,,,door bell exelent 704,,,,1,,460,,,650,
2424,,,door bell exelent,,,,1,,638,,,950,
2425,,,table cap,,,,1,,40,,,150,
2426,,,gas pipe 2.5mm accufit,,,,1,,15.106,,,30,
2427,,,ac bracket (N),,,,1,,440,,,550,
2428,,,door bell exelent 1,,,,1,,360,,,600,
2429,,,tyre 4 ply,,,,1,,2100,,,2800,
2430,,,ac bracket (Rustam),,,,1,,700,,,900,
2465,,,faisal toilet shower cp,,,,1,,1190,,,1700,
2466,,,faisal toilet shower cp set,,,,1,,1983,,,2500,
2467,,,asf wall shower civic,,,,1,,5500,,,9500,
2468,,,asf wall shower solo,,,,1,,5800,,,9800,
2469,,,asf wall shower rose,,,,1,,6305,,,10500,
2470,,,lota (L),,,,1,,150,,,250,
2471,,,asf sink mixer super,,,,1,,3450,,,6500,
2472,,,glass sucker 3pcs.,,,,1,,1100,,,1500,
2473,,,"scotch tape 1"" 30yrd",,,,1,,65,,,150,
2474,,,"scotch tape 1"" 50yrd",,,,1,,110,,,250,
2475,,,"scotch tape 1"" 80yrd",,,,1,,175,,,350,
2476,,,"scotch tape 2"" 30yrd",,,,1,,85,,,250,
2477,,,"scotch tape 2"" 50yrd",,,,1,,140,,,300,
2478,,,"scotch tape 2"" 80yrd",,,,1,,235,,,450,
2479,,,"scotch tape 2"" 200yrd",,,,1,,680,,,950,
2480,,,cc,,,,1,,0,,,0,
2481,,,fridge bulb special,,,,1,,200,,,450,
2482,,,faco toilet shower ECHO,,,,1,,1092,,,1500,
2483,,,faco toilet shower BOLD,,,,1,,1248,,,2000,
2484,,,faco toilet shower AQUA,,,,1,,1305,,,2000,
2485,,,faco toilet shower EROS,,,,1,,1440,,,2200,
2486,,,faco toilet shower VIGO,,,,1,,1515,,,2300,
2487,,,emergency light 392 torch,,,,1,,1400,,,1800,
2488,,,cc,,,,1,,0,,,0,
2489,,,cc,,,,1,,0,,,0,
2490,,,"dabi screw 1""x 8",,,,1,,127,,,200,
2491,,,cc,,,,1,,0,,,0,
2492,,,"inox disc ss 4""mm smt",,,,1,,44,,,80,
2493,,,emergency light 7931,,,,1,,700,,,1000,
2494,,,cc,,,,1,,0,,,0,
2495,,,emergency light 2,,,,1,,400,,,600,
2496,,,cc,,,,1,,0,,,0,
2626,,,"wheel 1-1/2"" red (4pcs.set) H",,,,1,,450,,,850,
2627,,,"wheel 2"" red (4pcs.set) H",,,,1,,480,,,1200,
2628,,,parda elbow+tee,,,,1,,150,,,250,
2629,,,mirror clip round cp,,,,1,,150,,,250,
2630,,,wood polish 1ltr.,,,,1,,650,,,900,
2631,,,"shisha bracket 8""",,,,1,,192,,,250,
2632,,,"shisha bracket 10""",,,,1,,240,,,340,
2633,,,"shisha bracket 12""",,,,1,,290,,,390,
2634,,,"hood pipe 5m 4""",,,,1,,1200,,,1500,
2635,,,"wheel 1-1/2"" red red (4pcs.set) N",,,,1,,0,,,0,
2636,,,"wheel 2"" red red (4pcs.set) N",,,,1,,350,,,500,
2637,,,cc,,,,1,,0,,,0,
2638,,,cc,,,,1,,0,,,0,
2639,,,shoe jpi 3 pin power,,,,1,,215,,,300,
2640,,,cc,,,,1,,0,,,0,
2641,,,cc,,,,1,,0,,,0,
2642,,,cc,,,,1,,0,,,0,
2643,,,cc,,,,1,,0,,,0,
2644,,,aluminium lader (m),,,,1,,510,,,900,
2645,,,visi pp,,,,1,,466,,,700,
2646,,,cc,,,,1,,0,,,0,
2647,,,cc,,,,1,,0,,,0,
2648,,,uniqe taj push porta,,,,1,,112.5,,,350,
2649,,,garden hand shower ,,,,1,,320,,,600,
2650,,,phenyl 2.9ltr,,,,1,,180,,,350,
2651,,,visi 4+2,,,,1,,540,,,750,
2652,,,visi 6+2,,,,1,,645,,,860,
2653,,,visi 8+2,,,,1,,741,,,980,
2654,,,visi tv,,,,1,,302,,,550,
2655,,,visi main switch,,,,1,,625,,,900,
2656,,,visi fan dimer,,,,1,,206,,,350,
2657,,,pad lock 32mm white,,,,1,,184,,,450,
2658,,,pad lock 38mm white,,,,1,,225,,,500,
2755,,,handle brass (m),,,,1,,1000,,,1800,
2756,,,handle brass (L),,,,1,,1250,,,2200,
2757,,,hooter alarm,,,,1,,1200,,,1800,
2758,,,warning light,,,,1,,1400,,,2000,
2759,,,khich hook u bolt,,,,1,,80,,,200,
2760,,,hot pipe single 4feet,,,,1,,290,,,600,
2761,,,hand troly tube,,,,1,,330,,,480,
2762,,,zanjeer dog,,,,1,,260,,,450,
2763,,,plastic sheet white / kg,,,,1,,680,,,1050,
2764,,,"inox disc ss 5""mm smt",,,,1,,75,,,120,
2765,,,itc smd 7w,,,,1,,170,,,250,
2766,,,bulb 0w special,,,,1,,55,,,100,
2767,,,solution 500ml accufit,,,,1,,527,,,800,
2768,,,khich hook small,,,,1,,160,,,250,
2769,,,khich hook big,,,,1,,260,,,350,
2770,,,hand troly axel,,,,1,,135,,,250,
2771,,,RAQY thimble grease,,,,1,,450,,,1200,
2772,,,"comode handle 12""",,,,1,,380,,,750,
2773,,,RAQY thimble underground,,,,1,,750,,,1500,
2774,,,"RAQY float valve 3/4"" long",,,,1,,650,,,1600,
2775,,,"RAQY float valve 1"" long",,,,1,,1000,,,2000,
2776,,,picker,,,,1,,100,,,150,
2777,,,geyser bush,,,,1,,130,,,220,
2778,,,mouse trap steel,,,,1,,117,,,250,
2779,,,cc,,,,1,,0,,,0,
2780,,,plastic sheet color mtr.,,,,1,,60,,,100,
2781,,,emulsion Qtr.,,,,1,,180,,,450,
2782,,,breacker 100amp (LS 3pole),,,,1,,3500,,,7000,
2783,,,"super master 24""x24"" (steel)",,,,1,,4480,,,6500,
2784,,,nails daba 1kg,,,,1,,390,,,500,
2785,,,"draz chanel 10""",,,,1,,310,,,450,
2786,,,"draz chanel 12""",,,,1,,342,,,500,
2819,,,schneder breaker 32amp ,,,,1,,400,,,700,
2820,,,hand trolly (H),,,,1,,8060,,,10500,
2821,,,hand trolly (m),,,,1,,7210,,,9500,
2822,,,kasi mukamal (m),,,,1,,600,,,850,
2823,,,kasi mukamal (L),,,,1,,650,,,900,
2824,,,zeco moon light 18w adj.,,,,1,,440,,,650,
2825,,,zeco moon light 24w adj.,,,,1,,700,,,900,
2826,,,"HA ceiling exaust 10""",,,,1,,2700,,,4500,
2827,,,shisha qalam (HEAVY),,,,1,,600,,,800,
2828,,,extention 903 china,,,,1,,1080,,,1600,
2829,,,extention 904 china,,,,1,,1200,,,1700,
2830,,,"grinder 4""",,,,1,,3900,,,4900,
2831,,,"drill warma 22 mm (hilti) 12""",,,,1,,500,,,800,
2832,,,"drill warma 25 mm (hilti) 12""",,,,1,,550,,,900,
2833,,,"hinges 1-1/2""+2""",,,,1,,6,,,20,
2834,,,cc,,,,1,,0,,,0,
2835,,,jp shisha exaust fan,,,,1,,2422,,,3000,
2836,,,"drill machine 3/8"" china",,,,1,,3300,,,4500,
2837,,,lismart smd 7w 3line,,,,1,,180,,,250,
2838,,,kila light,,,,1,,770,,,1150,
2839,,,wiper steel (m),,,,1,,280,,,450,
2840,,,"gas nozle 1/4"" china",,,,1,,60,,,150,
2841,,,"juiblee clamp 1"" chitki",,,,1,,17,,,40,
2842,,,imersion rod china,,,,1,,350,,,600,
2843,,,star smd 7w delux,,,,1,,180,,,250,
2844,,,star smd 7w supreme,,,,1,,220,,,300,
2845,,,star smd 12w supreme,,,,1,,320,,,400,
2846,,,star cob 5w,,,,1,,190,,,300,
2847,,,osso fan dimer flair,,,,1,,150,,,250,
2848,,,osso main switch flair,,,,1,,497,,,700,
2849,,,glint B-clean,,,,1,,250,,,400,
1951,,,smt warma 10mm x 160,,,,1,,285,,,350,
1952,,,smt warma 12mm x 160,,,,1,,325,,,400,
1953,,,smt warma 13mm x 160,,,,1,,430,,,500,
1954,,,smt warma 14mm x 160,,,,1,,455,,,550,
1955,,,"smt warma 25mm x 14""",,,,1,,1540,,,1750,
1956,,,paramount 12w adj.,,,,1,,240,,,350,
1957,,,"packing tape 2""(100yrd.)",,,,1,,300,,,600,
1958,,,"packing tape 2"" (150yrd.)",,,,1,,410,,,750,
1959,,,randa,,,,1,,850,,,1800,
1960,,,binding wire,,,,1,,600,,,600,
1961,,,"tanki bush 1""x 3/4"" brass",,,,1,,200,,,350,
1962,,,"TFE float valve 1""",,,,1,,1056,,,1500,
1963,,,"TFE float valve 3/4""",,,,1,,939,,,1400,
1964,,,smt core bit 60mm + adopter,,,,1,,2130,,,2500,
1965,,,jp fan invertor (lahore),,,,1,,10306,,,12500,
1966,,,jp fan invertor (grace),,,,1,,9616,,,11500,
1967,,,iil union 32mm,,,,1,,166,,,250,
1968,,,dori sootar (big),,,,1,,207,,,450,
1969,,,kitchen cleaner,,,,1,,475,,,750,
1970,,,window  mesh,,,,1,,400,,,750,
1971,,,opk 2 pin shoe (M),,,,1,,66.666,,,150,
1972,,,opk 2 pin shoe (H),,,,1,,100,,,200,
1973,,,aluminium handle,,,,1,,250,,,300,
1974,,,cc,,,,1,,0,,,0,
1975,,,camelion extention 114,,,,1,,2600,,,3100,
1976,,,camelion extention 148,,,,1,,3400,,,4000,
1977,,,camelion extention 161,,,,1,,3100,,,3700,
1978,,,camelion extention 168,,,,1,,3500,,,4200,
1979,,,camelion extention 241,,,,1,,4800,,,5500,
1980,,,leo star extention 747,,,,1,,2100,,,2600,
1981,,,cc,,,,1,,0,,,0,
1982,,,cc,,,,1,,0,,,0,
1983,,,cc,,,,1,,0,,,0,
1984,,,cc,,,,1,,0,,,0,
1985,,,cc,,,,1,,0,,,0,
1986,,,cc,,,,1,,0,,,0,
2497,,,emergency bulb 2cell,,,,1,,730,,,1000,
2498,,,paint rular handle,,,,1,,70,,,150,
2499,,,paint ruler slip,,,,1,,37.5,,,80,
2500,,,hot air gun,,,,1,,2400,,,3000,
2501,,,cc,,,,1,,0,,,0,
2502,,,cc,,,,1,,0,,,0,
2503,,,"holder flexible 6""",,,,1,,200,,,300,
2504,,,"holder flexible 12""",,,,1,,230,,,350,
2505,,,"holder flexible 16""",,,,1,,280,,,480,
2506,,,naflo jet shower shaheen,,,,1,,270,,,750,
2507,,,"naflo plastic pipe 18""",,,,1,,420,,,600,
2508,,,7 cf  polish,,,,1,,360,,,550,
2509,,,extention 3way,,,,1,,1100,,,1600,
2510,,,extention 4way GR-544,,,,1,,1200,,,2250,
2511,,,extention 5way Gr-547,,,,1,,1200,,,2500,
2512,,,extention 5way GR-565,,,,1,,1450,,,2800,
2513,,,knob stove plastic (M),,,,1,,30,,,100,
2514,,,"non return valve 1""APEX",,,,1,,1285,,,2500,
2515,,,thimble 3/29,,,,1,,6,,,15,
2516,,,thimble 7/36,,,,1,,10,,,20,
2517,,,thimble 7/44,,,,1,,15,,,30,
2518,,,"flower cutter 9""",,,,1,,350,,,600,
2519,,,"binding tape 2"" (5 yrd.)",,,,1,,105,,,280,
2520,,,xl 1+1,,,,1,,278,,,390,
2521,,,xl 2+1,,,,1,,333,,,480,
2522,,,xl 2way,,,,1,,293,,,390,
2523,,,xl 2+2,,,,1,,364,,,490,
2524,,,xl 3+1,,,,1,,364,,,490,
2525,,,xl 4+2,,,,1,,556,,,680,
2526,,,xl 5+1,,,,1,,556,,,690,
2527,,,xl 6+2,,,,1,,583,,,750,
2528,,,xl 7+1,,,,1,,583,,,750,
2529,,,xl 8+2,,,,1,,598,,,760,
2659,,,fan par loha,,,,1,,600,,,800,
2660,,,garden fawara small,,,,1,,350,,,500,
2661,,,mouse cage pinjra,,,,1,,275,,,380,
2662,,,"dabi screw 3/4""x 8",,,,1,,116,,,200,
2663,,,shower u bend bay neck (H),,,,1,,450,,,950,
2664,,,cemetex Qtr. (875ml),,,,1,,850,,,1050,
2665,,,"fan dimer universal 3""x3""",,,,1,,385,,,650,
2666,,,smt ppr cutter,,,,1,,830,,,1200,
2667,,,cc,,,,1,,0,,,0,
2668,,,multi shoe universal ,,,,1,,133.333,,,200,
2669,,,cc,,,,1,,0,,,0,
2670,,,cc,,,,1,,0,,,0,
2671,,,"pvc pipe 3"" B-class",,,,1,,1634.58,,,1900,
2672,,,"pvc pipe 4"" B-class",,,,1,,3696,,,4200,
2673,,,"pvc pipe 5"" B-class",,,,1,,3271.86,,,3900,
2674,,,"pvc pipe 6"" B-class",,,,1,,4248.72,,,4900,
2675,,,itc bulb 12w,,,,1,,130,,,250,
2676,,,aa,,,,1,,0,,,0,
2677,,,"man hole degi 9"" ICIE",,,,1,,900,,,1400,
2678,,,"tee arm 18""",,,,1,,890,,,1500,
2679,,,keef (m),,,,1,,60,,,120,
2680,,,keef (L),,,,1,,70,,,150,
2681,,,machine oil bottle,,,,1,,35,,,100,
2682,,,master toilet shower cp,,,,1,,180,,,500,
2683,,,nut bolt kg,,,,1,,450,,,700,
2684,,,hanger kili botiqe,,,,1,,285,,,480,
2685,,,farshi gram,,,,1,,220,,,350,
2686,,,tool bag (XL) 4,,,,1,,550,,,550,
2687,,,double tape tranparent,,,,1,,200,,,350,
2688,,,ferry light bulb,,,,1,,900,,,1200,
2689,,,l key set ,,,,1,,430,,,650,
2690,,,wall shower rod 4' (N),,,,1,,350,,,1000,
2787,,,"draz chanel 14""",,,,1,,399,,,550,
2788,,,"draz chanel 16""",,,,1,,456,,,600,
2789,,,"draz chanel 18""",,,,1,,594,,,750,
2790,,,"draz chanel 20""",,,,1,,660,,,800,
2791,,,naflo tee cock (crome),,,,1,,470,,,650,
2792,,,cc,,,,1,,0,,,0,
2793,,,daba steel nails (china),,,,1,,317.5,,,450,
2794,,,"nails 2-1/2"" x12",,,,1,,350,,,400,
2795,,,lcd bracket LG,,,,1,,650,,,1000,
2796,,,capsule light box,,,,1,,70,,,350,
2797,,,cc,,,,1,,0,,,0,
2798,,,naka shuter,,,,1,,400,,,550,
2799,,,belt auto machine,,,,1,,180,,,300,
2800,,,lota (M),,,,1,,84,,,250,
2801,,,km extention,,,,1,,450,,,700,
2802,,,km extention big,,,,1,,850,,,1200,
2803,,,"cup brush 3""",,,,1,,300,,,450,
2804,,,"cup brush 4""",,,,1,,350,,,500,
2805,,,dispensor stand,,,,1,,250,,,350,
2806,,,"jp exaust 12"" plastic",,,,1,,4173,,,5500,
2807,,,"jp exaust 8"" metal",,,,1,,3105,,,4400,
2808,,,"jp exaust 10"" metal",,,,1,,3432,,,4500,
2809,,,"jp exaust 12"" metal",,,,1,,3756,,,4900,
2810,,,"jp exaust 18"" metal",,,,1,,6441,,,13000,
2811,,,"jp exaust 24"" metal",,,,1,,9700,,,16500,
2812,,,dranti,,,,1,,160,,,300,
2813,,,parda latoo (M),,,,1,,100,,,180,
2814,,,miraj termite galon,,,,1,,10000,,,15500,
2815,,,"baitun elbow 3/4""",,,,1,,6.5,,,15,
2816,,,"baitun elbow1""",,,,1,,9.75,,,20,
2817,,,wire lock normal,,,,1,,320,,,500,
2818,,,meter box (m),,,,1,,1600,,,2200,
2850,,,sea star admix 300ml,,,,1,,130,,,220,
2851,,,breacker 100amp (LS 4pole),,,,1,,3500,,,6500,
2852,,,"jet shower 6"" ss china",,,,1,,1650,,,2500,
2853,,,sova bulb 5w,,,,1,,100,,,150,
2854,,,osso multi light double flair,,,,1,,547,,,900,
2855,,,exelent smd 7w,,,,1,,350,,,390,
2856,,,lcd bracket adj. small,,,,1,,350,,,500,
2857,,,"upvc tee 3/4""",,,,1,,24.5,,,40,
2858,,,"upvc tee 1""",,,,1,,36,,,50,
2859,,,"upvc tee 1-1/2""",,,,1,,75,,,120,
2860,,,lcd bracket adj. big,,,,1,,1550,,,2500,
2861,,,lcd bracket adj. medium,,,,1,,850,,,1500,
2862,,,"grinder 4"" dewalt",,,,1,,5000,,,6000,
2863,,,"die gutka 1/2"" fix",,,,1,,1050,,,1600,
2864,,,"upvc socket 1""",,,,1,,20.5,,,30,
2865,,,"upvc elbow 1""",,,,1,,27.56,,,40,
2866,,,"die gutka 3/4"" fix",,,,1,,1100,,,1700,
2867,,,"dabi screw 1-1/4""x 8",,,,1,,180,,,250,
2868,,,"dabi screw 3""x 6",,,,1,,400,,,700,
2869,,,cc,,,,1,,0,,,0,
2870,,,exelent multi plug 787,,,,1,,112,,,200,
2871,,,exelent mobile multi 919,,,,1,,69.5,,,150,
2872,,,kavia wire big,,,,1,,250,,,350,
2873,,,factor track light 10w,,,,1,,1155,,,1500,
2874,,,cc,,,,1,,0,,,0,
2875,,,insect powder DDT ,,,,1,,90,,,150,
2876,,,bull extention (GN-1050) 3m ,,,,1,,1950,,,3000,
2877,,,"regmar pad welcro 4""",,,,1,,80,,,130,
2878,,,"regmar pad welcro 5""",,,,1,,100,,,150,
2879,,,"regmar pad welcro 7""",,,,1,,150,,,200,
2880,,,"regmar disc welcro 4""",,,,1,,10,,,20,
2881,,,"regmar disc welcro 5""",,,,1,,14,,,30,
2977,,,hand shower china (black),,,,1,,1200,,,2500,
2978,,,"drill machine kili 4""",,,,1,,130,,,200,
2979,,,"drill machine kili 5""",,,,1,,160,,,250,
2980,,,plug pana set,,,,1,,950,,,1300,
2981,,,driver mobile set,,,,1,,350,,,600,
2982,,,"grinder nut 4"" steel",,,,1,,120,,,200,
2983,,,grinder buff,,,,1,,95,,,150,
2984,,,zeco moon light 15w adj.,,,,1,,420,,,600,
2985,,,"tower bolt 2""",,,,1,,29,,,50,
2986,,,"par warma 1""",,,,1,,120,,,180,
2987,,,MT pad lock 70mm,,,,1,,1130.5,,,1500,
2988,,,"drill warma 12mm (hilti) 24""",,,,1,,400,,,600,
2989,,,"jali exaust 12"" plastic",,,,1,,200,,,300,
2990,,,cp cleaner,,,,1,,250,,,500,
2991,,,toilet shower steel knox,,,,1,,450,,,1000,
2992,,,iron germany 400w,,,,1,,3900,,,4900,
2993,,,smd panel 12w SHA,,,,1,,600,,,750,
2994,,,"self screw 1"" loose",,,,1,,32,,,60,
2995,,,zeco bulb 12w,,,,1,,120,,,200,
2996,,,ro filter valve,,,,1,,225,,,280,
2997,,,ro filter tee,,,,1,,100,,,150,
2998,,,ro filter pipe ,,,,1,,28,,,60,
2999,,,ro filter elbow,,,,1,,90,,,130,
3000,,,"ro filter reducer 1/2""x1/4""",,,,1,,200,,,250,
3001,,,dawn seat cover ICL,,,,1,,760,,,1350,
3002,,,btm paper holder,,,,1,,495,,,900,
3003,,,btm soap dish,,,,1,,474,,,950,
3004,,,btm brush holder,,,,1,,474,,,850,
3005,,,comode nut ,,,,1,,50,,,150,
3006,,,cooker safety valve,,,,1,,135,,,350,
3007,,,pipe joint union,,,,1,,225,,,390,
3008,,,zeco bulb 20w,,,,1,,260,,,400,
3073,,,elec. cattle kenwood plus,,,,1,,1350,,,2500,
3074,,,elec. cattle panasonic,,,,1,,2100,,,3000,
3075,,,elec. cattle philips,,,,1,,2300,,,3500,
3076,,,porta comode,,,,1,,12000,,,60000,
3077,,,goat fan,,,,1,,20,,,50,
3078,,,night glow smd moon light 12w ,,,,1,,250,,,350,
3079,,,itc smd 12w,,,,1,,240,,,350,
3080,,,handle patri,,,,1,,80,,,120,
3081,,,schneider breaker changeover 63amp 2pole,,,,1,,1250,,,2500,
3082,,,varnier caliper,,,,1,,750,,,1100,
3083,,,sensor auto,,,,1,,700,,,1200,
3084,,,door bell exelent ,,,,1,,715,,,1000,
3085,,,floor waste push,,,,1,,650,,,850,
3086,,,"plug steel 1/2"" ",,,,1,,13.5,,,50,
3087,,,"warma 1/8"" HSS",,,,1,,20,,,60,
3088,,,multi shoe (L),,,,1,,260,,,350,
3089,,,multi shoe 2 pin to power,,,,1,,160,,,250,
3090,,,imersion rod F-8 (orignal),,,,1,,580,,,950,
3091,,,"warma 5/32"" HSS",,,,1,,26,,,80,
3092,,,"warma 3/16"" HSS",,,,1,,40,,,100,
3093,,,"warma 13/64"" HSS",,,,1,,48,,,120,
3094,,,"warma 15/64"" HSS",,,,1,,56,,,140,
3095,,,"warma 9/32"" HSS",,,,1,,78,,,150,
3096,,,"warma 1/2"" HSS",,,,1,,235,,,350,
3097,,,imersion rod millat+f-8,,,,1,,480,,,750,
3098,,,jali shutter steel,,,,1,,1350,,,1800,
3099,,,uniqe saifan universal (white),,,,1,,480,,,1000,
3100,,,angethi heater (L),,,,1,,660,,,1200,
3101,,,zahid tee cock flower,,,,1,,700,,,1350,
3102,,,bull voltage protector,,,,1,,350,,,750,
1987,,,"stretch sheet wraping 4""",,,,1,,275,,,370,
1988,,,"stretch sheet wraping 6""",,,,1,,330,,,470,
1989,,,"stretch sheet wraping 12""",,,,1,,490,,,650,
1990,,,"stretch sheet wraping 20"" 1 kg",,,,1,,530,,,1000,
1991,,,"stretch sheet wraping 20"" 1.5 kg",,,,1,,1000,,,1600,
1992,,,"stretch sheet wraping 20"" 2 kg",,,,1,,1450,,,2250,
1993,,,"stretch sheet wraping 20"" 2.5 kg",,,,1,,1950,,,2950,
1994,,,cc,,,,1,,0,,,0,
1995,,,cc,,,,1,,0,,,0,
1996,,,cc,,,,1,,0,,,0,
1997,,,cc,,,,1,,0,,,0,
1998,,,cc,,,,1,,0,,,0,
1999,,,cc,,,,1,,0,,,0,
2000,,,cc,,,,1,,0,,,0,
2001,,,cc,,,,1,,0,,,0,
2002,,,"man hole 6""(degi ICIE)",,,,1,,550,,,800,
2003,,,"crescent gold exaust fan 8""",,,,1,,2750,,,4300,
2004,,,2 core crystal 70/76,,,,1,,17.5,,,60,
2005,,,belt hook flower+ angoor patta,,,,1,,60,,,150,
2006,,,nawar nylon kg,,,,1,,380,,,550,
2007,,,helmet yellow,,,,1,,300,,,500,
2008,,,"ktz ball valve 3/4"" ss",,,,1,,480,,,900,
2009,,,"kateera 8""",,,,1,,640,,,800,
2010,,,drill warma  (auto machine),,,,1,,60,,,90,
2011,,,board 4p blank,,,,1,,45,,,100,
2012,,,drill cheni ,,,,1,,250,,,350,
2013,,,cc,,,,1,,0,,,0,
2014,,,cc,,,,1,,0,,,0,
2015,,,cc,,,,1,,0,,,0,
2016,,,ac nut bolt + washer,,,,1,,7.2463,,,15,
2017,,,gmsa elfy 20grm,,,,1,,106,,,150,
2018,,,mouse board,,,,1,,65,,,150,
2019,,,uniqe flush tank solo,,,,1,,1500,,,2500,
2020,,,ali akber cockroach powder,,,,1,,30,,,100,
2530,,,xl main switch,,,,1,,572,,,750,
2531,,,xl multi 5 in1,,,,1,,361,,,600,
2532,,,xl pp,,,,1,,369,,,600,
2533,,,xl tv,,,,1,,288,,,390,
2534,,,xl tv+tel,,,,1,,349,,,490,
2535,,,xl BP,,,,1,,324,,,450,
2536,,,xl fan dimer,,,,1,,160,,,300,
2537,,,"paint brush 3""(H)",,,,1,,126,,,300,
2538,,,"paint brush 4""(H)",,,,1,,160,,,350,
2539,,,"paint brush 5""(H)",,,,1,,220,,,400,
2540,,,"paint brush 6""(H)",,,,1,,200,,,400,
2541,,,local multi light plug,,,,1,,216.6666,,,450,
2542,,,"baitun pipe 3/4""",,,,1,,197.6,,,220,
2543,,,"baitun wall dabi 3/4""",,,,1,,34.45,,,60,
2544,,,"baitun wall dab 1""",,,,1,,35.75,,,70,
2545,,,"baitun box 3""x3""",,,,1,,54.6,,,70,
2546,,,"baitun box 3""x6""",,,,1,,78,,,100,
2547,,,baitun light box small,,,,1,,37.05,,,60,
2548,,,baitun light box big,,,,1,,48.1,,,70,
2549,,,"baitun socket 3/4""",,,,1,,9.75,,,15,
2550,,,"baitun pipe 1""",,,,1,,271.7,,,320,
2551,,,baitun fan box,,,,1,,173.55,,,220,
2552,,,"baitun socket 1""",,,,1,,13,,,20,
2553,,,"baitun bend 3/4""",,,,1,,18.2,,,30,
2554,,,"baitun bend 1""",,,,1,,27.3,,,40,
2555,,,baitun jointer,,,,1,,12.35,,,30,
2556,,,btm thimble,,,,1,,300,,,600,
2557,,,btm seat cover hydiolic,,,,1,,1460,,,2500,
2558,,,wiper pvc jumbo,,,,1,,300,,,500,
2559,,,2 pin shoe (M),,,,1,,48.5,,,80,
2560,,,filter plate,,,,1,,200,,,750,
2561,,,zahid bib cock prifit,,,,1,,825,,,1150,
2691,,,presure nozle (N),,,,1,,260,,,400,
2692,,,multi light plug time star,,,,1,,370,,,600,
2693,,,meekal multi light plug double,,,,1,,690,,,1250,
2694,,,shisha warma china,,,,1,,7.5,,,12,
2695,,,"juiblee clamp 5""",,,,1,,65,,,120,
2696,,,ac cover,,,,1,,325,,,500,
2697,,,osso power plug flair,,,,1,,360,,,600,
2698,,,Harpic 250ml,,,,1,,100,,,200,
2699,,,"drill warma 12mm (hilti) 12""",,,,1,,250,,,450,
2700,,,"drill warma 14mm (hilti) 12""",,,,1,,290,,,500,
2701,,,"drill warma 16mm (hilti) 12""",,,,1,,320,,,550,
2702,,,"drill warma 18mm (hilti) 12""",,,,1,,350,,,600,
2703,,,"drill warma 20mm (hilti) 12""",,,,1,,0,,,0,
2704,,,phenyl ball 100grm,,,,1,,60,,,150,
2705,,,bitu coat galon,,,,1,,605,,,850,
2706,,,towel pocha,,,,1,,75,,,150,
2707,,,cable tie 400mm,,,,1,,550,,,750,
2708,,,battery clamp (L),,,,1,,150,,,250,
2709,,,steel nail washer (kg),,,,1,,400,,,550,
2710,,,"check valve 1-1/4""",,,,1,,0,,,0,
2711,,,"upvc union 2""",,,,1,,260,,,300,
2712,,,"upvc valve socket 2""",,,,1,,41.6,,,90,
2713,,,phenyl ball 200grm,,,,1,,100,,,250,
2714,,,"warma 1/8"" gold",,,,1,,75,,,100,
2715,,,"warma 5/32"" gold",,,,1,,75,,,120,
2716,,,dada spray bottle (H),,,,1,,290,,,500,
2717,,,dada coolar,,,,1,,850,,,1500,
2718,,,"warma 1/4"" gold",,,,1,,120,,,160,
2719,,,"open box 6"" shelter",,,,1,,65,,,150,
2720,,,phenyl 1ltr.,,,,1,,100,,,180,
2721,,,open box 6x3 (flat),,,,1,,85,,,150,
2722,,,bottle trap camel steel,,,,1,,920,,,1650,
2882,,,"regmar disc welcro 7""",,,,1,,25,,,40,
2883,,,kriss toilet shower,,,,1,,230,,,550,
2884,,,motor 1 hp,,,,1,,19000,,,22000,
2885,,,osso 1+1 flair,,,,1,,228,,,450,
2886,,,osso 2+1 flair,,,,1,,278,,,480,
2887,,,osso 3+1 & 4G flair,,,,1,,319,,,550,
2888,,,osso 2+2 flair,,,,1,,319,,,580,
2889,,,osso 4+2 flair,,,,1,,511,,,690,
2890,,,osso 5+1 flair,,,,1,,511,,,690,
2891,,,osso 6+2 flair,,,,1,,552,,,750,
2892,,,osso 3g flair,,,,1,,279,,,450,
2893,,,osso 8+2 flair,,,,1,,584,,,850,
2894,,,osso BP (double) flair,,,,1,,266,,,450,
2895,,,osso tv flair,,,,1,,219,,,390,
2896,,,osso 2g flair,,,,1,,228,,,450,
2897,,,osso 1g flair,,,,1,,150,,,350,
2898,,,ppr ball valve union 25mm,,,,1,,1952.38,,,2250,
2899,,,ppr ball valve union 32mm,,,,1,,2362.82,,,2650,
2900,,,timer box,,,,1,,1900,,,4500,
2901,,,sink waste china fitting only,,,,1,,900,,,1500,
2902,,,cc,,,,1,,0,,,0,
2903,,,wondow latch,,,,1,,37,,,80,
2904,,,window wheel (s),,,,1,,17,,,40,
2905,,,window wheel (L),,,,1,,37,,,60,
2906,,,cooker ruber (XL),,,,1,,400,,,900,
2907,,,driver screw hamer,,,,1,,217,,,350,
2908,,,"loose screw 1-1/2""x10 dzn.",,,,1,,34,,,70,
2909,,,"self screw 1/2"" loose",,,,1,,11.875,,,30,
2910,,,"self screw 3/4"" loose",,,,1,,28,,,50,
2911,,,"disc sjl diamond 4""",,,,1,,570,,,800,
2912,,,"disc sjl diamond 5""",,,,1,,700,,,950,
2913,,,"disc sjl diamond 7""",,,,1,,1200,,,1450,
3009,,,chain pipe iran,,,,1,,330,,,700,
3010,,,"warma 3/8"" rex",,,,1,,80,,,160,
3011,,,"warma 5/16"" rex",,,,1,,60,,,120,
3012,,,itc bulb 18w,,,,1,,270,,,400,
3013,,,"crescent gold exaust fan 10""",,,,1,,2900,,,4500,
3014,,,filter 3pcs. set,,,,1,,1000,,,2000,
3015,,,key holder apple,,,,1,,220,,,380,
3016,,,key holder crome pati,,,,1,,150,,,280,
3017,,,push catcher china double,,,,1,,330,,,500,
3018,,,MT soap dispensor ,,,,1,,950,,,2000,
3019,,,waste pipe crome ss,,,,1,,400,,,700,
3020,,,"jet shower 12"" ss china",,,,1,,3400,,,5500,
3021,,,grohee toilet shower black,,,,1,,1550,,,2500,
3022,,,grohee toilet shower gold,,,,1,,1650,,,2700,
3023,,,btm towel rod steel,,,,1,,860,,,1250,
3024,,,spray paint,,,,1,,311.5,,,380,
3025,,,"smt hole saw ceiling 6""",,,,1,,360,,,500,
3026,,,"smt hole saw ceiling 8""",,,,1,,550,,,750,
3027,,,rope light (bundle),,,,1,,6000,,,7500,
3028,,,MT anchor bolt,,,,1,,16,,,25,
3029,,,MT anchor bolt rod,,,,1,,306,,,400,
3030,,,MT microfiber cloth (H),,,,1,,468,,,750,
3031,,,MT paint ruler,,,,1,,225,,,350,
3032,,,accesories crome loose mix,,,,1,,200,,,450,
3033,,,naflo bib cock crome,,,,1,,480,,,650,
3034,,,cheni steel ruber,,,,1,,462,,,580,
3035,,,blower pipe cone,,,,1,,150,,,250,
3036,,,door stoper floor (pak) D shape,,,,1,,120,,,200,
3037,,,door stoper floor (china) D shape,,,,1,,250,,,350,
3038,,,naflo double bib cock crome,,,,1,,835,,,1200,
3039,,,sheet jointer,,,,1,,14,,,40,
3040,,,door closer rod,,,,1,,1070,,,1600,
3103,,,breaker box 6p,,,,1,,280,,,550,
3104,,,breaker box 8p,,,,1,,430,,,680,
3105,,,attack 100ml,,,,1,,250,,,500,
3106,,,attack 500ml,,,,1,,950,,,1600,
3107,,,attack 1ltr.,,,,1,,1800,,,3000,
3108,,,naflo corner cabinet,,,,1,,2175,,,3500,
3109,,,mb toilet shower black,,,,1,,100,,,500,
3110,,,plastic pipe black 1mtr.,,,,1,,140,,,450,
3111,,,naflo waste pipe complete,,,,1,,365,,,600,
3112,,,life cable 3/29 ,,,,1,,4000,,,4800,
3113,,,paramount bulb 7w,,,,1,,115,,,200,
3114,,,dada pepsi triger,,,,1,,180,,,300,
3115,,,AHS bravo toilet shower cp,,,,1,,380,,,900,
3116,,,sova bulb 12w,,,,1,,110,,,200,
3117,,,"smt plier 8"" 1205",,,,1,,350,,,500,
3118,,,"smt plier 8"" 1201",,,,1,,640,,,850,
3119,,,"smt nose plier 8"" 1202",,,,1,,480,,,650,
3120,,,"smt plier set 8"" 1220",,,,1,,1570,,,2000,
3121,,,geyser box,,,,1,,75,,,200,
3122,,,ppr cross tee 25mm,,,,1,,97.96,,,150,
3123,,,ppr socket 50mm,,,,1,,144.46,,,180,
3124,,,ppr elbow 40mmx50,,,,1,,213.9,,,280,
3125,,,"ppr elbow 50mm x 1-1/2""",,,,1,,1514.04,,,1750,
3126,,,ppr tee 40mmx50,,,,1,,285.2,,,360,
3127,,,cable tie (dzn) S,,,,1,,30,,,80,
3128,,,watch make set,,,,1,,300,,,450,
3129,,,"ktz ball valve 1-1/4"" ss",,,,1,,1000,,,2800,
3130,,,"ktz ball valve 1-1/2"" ss",,,,1,,1500,,,3500,
3131,,,"ktz ball valve 2"" ss",,,,1,,1800,,,4000,
3132,,,"RBS float valve 3/4"" (full bore)",,,,1,,872.35,,,1450,
3133,,,"RBS float valve 1"" (full bore)",,,,1,,1002.5,,,1600,
2562,,,zahid sink mixer lever,,,,1,,4400,,,8500,
2563,,,gainer pad lock 60mm ,,,,1,,320,,,680,
2564,,,gainer pad lock 70mm ,,,,1,,385,,,750,
2565,,,cc,,,,1,,0,,,0,
2566,,,cc,,,,1,,0,,,0,
2567,,,pad lock desi golden,,,,1,,750,,,1150,
2568,,,sova smd 7w,,,,1,,145,,,200,
2569,,,dc supply coolar,,,,1,,1250,,,1500,
2570,,,pump cycle small,,,,1,,380,,,550,
2571,,,imersion rod phonex,,,,1,,420,,,700,
2572,,,factor tube 60w double,,,,1,,1303,,,1850,
2573,,,factor tube 18w t-8,,,,1,,635,,,1000,
2574,,,power plug + light plug big,,,,1,,283.3333,,,600,
2575,,,cooker handle ,,,,1,,150,,,500,
2576,,,cc,,,,1,,0,,,0,
2577,,,cooker weight,,,,1,,134,,,250,
2578,,,garmala gutka wood,,,,1,,50,,,200,
2579,,,door bell wireless (voye) 2pin,,,,1,,1170,,,1600,
2580,,,"ac flair nut 1/2"" special",,,,1,,150,,,200,
2581,,,"ac flair nut 1/4"" special",,,,1,,70,,,150,
2582,,,battery clamp (s),,,,1,,60,,,150,
2583,,,zahid basin mixer lever,,,,1,,3200,,,6500,
2584,,,timer spiner 2wire,,,,1,,140,,,350,
2585,,,float switch relay,,,,1,,500,,,1250,
2586,,,luster,,,,1,,9,,,20,
2587,,,cc,,,,1,,0,,,0,
2588,,,kiwi auto polish tin,,,,1,,500,,,850,
2589,,,tool box,,,,1,,1070,,,2000,
2590,,,dada bottle 2ltr. tranparent,,,,1,,1050,,,1800,
2591,,,multi oil perfect,,,,1,,650,,,1100,
2592,,,auto ignition (stove),,,,1,,40,,,120,
2593,,,cc,,,,1,,0,,,0,
2723,,,"dabi screw 5/8""x 4",,,,1,,70,,,100,
2724,,,"dabi screw 2""x 8",,,,1,,255,,,380,
2725,,,vanity mixer (H),,,,1,,3450,,,6500,
2726,,,"poly pipe 3/4"" white",,,,1,,78,,,100,
2727,,,mortin spray L,,,,1,,710,,,950,
2728,,,mortin refill,,,,1,,240,,,450,
2729,,,"poly pipe 3"" white",,,,1,,780,,,950,
2730,,,"poly pipe 4"" white",,,,1,,950,,,1150,
2731,,,wire brush set,,,,1,,250,,,400,
2732,,,breaker box solar 100amp,,,,1,,2500,,,3000,
2733,,,gmsa dabi,,,,1,,395,,,480,
2734,,,gmsa Qtr.,,,,1,,1070,,,1250,
2735,,,db bulb,,,,1,,50,,,250,
2736,,,handle brass (s),,,,1,,700,,,1500,
2737,,,"jet shower gole 6""",,,,1,,950,,,1600,
2738,,,steel putin 500grm,,,,1,,280,,,450,
2739,,,steel putin 1kg,,,,1,,510,,,700,
2740,,,hamer ruber small,,,,1,,400,,,500,
2741,,,sea star admix 1ltr.,,,,1,,600,,,950,
2742,,,blower,,,,1,,2400,,,3000,
2743,,,"ppr plug 1/2""",,,,1,,17.98,,,30,
2744,,,blower heavy,,,,1,,3000,,,3600,
2745,,,"pvc bend 2""",,,,1,,116.48,,,170,
2746,,,lismart 7w,,,,1,,125,,,180,
2747,,,lismart 9w,,,,1,,130,,,180,
2748,,,lismart 12w,,,,1,,155,,,250,
2749,,,gas heater ociran 2in1,,,,1,,3000,,,4500,
2750,,,lismart smd 7w plane,,,,1,,165,,,200,
2751,,,"ktz ball valve 1-1/2"" china",,,,1,,2800,,,5500,
2752,,,filter plate jumbo,,,,1,,750,,,1250,
2753,,,"Ha exaust 8"" metal",,,,1,,2150,,,3600,
2754,,,"jali exaust 17"" x17"" fancy",,,,1,,550,,,750,
2914,,,angethi 1.5feet,,,,1,,735,,,1000,
2915,,,angethi 2feet,,,,1,,980,,,1500,
2916,,,seekh tika,,,,1,,720,,,1200,
2917,,,seekh kabab,,,,1,,1100,,,1500,
2918,,,"leiya grinder 4"" (lys1001a)",,,,1,,6160,,,6950,
2919,,,letter box,,,,1,,3200,,,4500,
2920,,,"wheel chair kili 2""",,,,1,,250,,,500,
2921,,,ankra kili,,,,1,,150,,,250,
2922,,,push catcher china single,,,,1,,220,,,380,
2923,,,leiya drill (lyz103),,,,1,,5600,,,7500,
2924,,,leiya drill cordless (lyd8626),,,,1,,8800,,,11900,
2925,,,khunti black,,,,1,,60,,,150,
2926,,,laiya drill (ly10-07),,,,1,,5440,,,6500,
2927,,,corner shelf steel,,,,1,,2350,,,3500,
2928,,,dawn flush tank sprinter,,,,1,,1860,,,3000,
2929,,,dawn towel rod,,,,1,,652,,,950,
2930,,,dawn brush holder,,,,1,,424,,,750,
2931,,,dawn paper holder,,,,1,,476,,,800,
2932,,,dawn paper holder plastic,,,,1,,260,,,480,
2933,,,dawn cabinet lord,,,,1,,2130,,,4000,
2934,,,dawn cabinet corner,,,,1,,2044,,,3000,
2935,,,factor mercury 24w adj.,,,,1,,805,,,980,
2936,,,factor flood light 30w,,,,1,,1680,,,2800,
2937,,,eflux flood light 50w,,,,1,,1750,,,2500,
2938,,,factor flood light 100w,,,,1,,3600,,,5500,
2939,,,welding rod degi loose,,,,1,,34,,,50,
2940,,,"wood cutter 5"" (30teeth)HRS",,,,1,,650,,,900,
2941,,,exelent bell push white (double),,,,1,,427,,,690,
2942,,,exelent bell push gold (double),,,,1,,562,,,850,
2943,,,filter cone slim foam,,,,1,,300,,,900,
2944,,,filter cone slim jali,,,,1,,550,,,1200,
3041,,,battery charger (12v 10amp),,,,1,,1500,,,2000,
3042,,,"draz lock 3/4"" (M)",,,,1,,137.5,,,250,
3043,,,"push waste 4"" plastic",,,,1,,290,,,480,
3044,,,key chain ,,,,1,,75,,,150,
3045,,,"pvc bend 3""",,,,1,,193.96,,,280,
3046,,,"pvc bend 4""",,,,1,,284.44,,,380,
3047,,,itc bulb 30w,,,,1,,550,,,850,
3048,,,"MT scraper 3"" handle",,,,1,,234,,,350,
3049,,,"MT scraper 4"" handle",,,,1,,252,,,400,
3050,,,"MT scraper 5"" handle",,,,1,,0,,,0,
3051,,,"carbon bush 4""",,,,1,,100,,,160,
3052,,,"carbon bush 5""",,,,1,,120,,,180,
3053,,,"carbon bush 7""+ 9""",,,,1,,150,,,220,
3054,,,jharu phool (N),,,,1,,100,,,250,
3055,,,"pvc pipe 2"" sewerage",,,,1,,794.34,,,990,
3056,,,"pvc pipe 3"" sewerage",,,,1,,1192.86,,,1450,
3057,,,"pvc pipe 4"" sewerage",,,,1,,1306.26,,,1600,
3058,,,"pvc pipe 5"" sewerage",,,,1,,1962.9,,,2150,
3059,,,"pvc pipe 6"" sewerage",,,,1,,2944.08,,,3350,
3060,,,shisha lock sliding,,,,1,,250,,,400,
3061,,,"hole saw 3""",,,,1,,280,,,500,
3062,,,"hole saw 3-1/2""",,,,1,,325,,,550,
3063,,,"hole saw 4""",,,,1,,350,,,600,
3064,,,plier special,,,,1,,980,,,1450,
3065,,,wd 40 (400ml china),,,,1,,350,,,600,
3066,,,schneider DC breaker 32amp & 63amp,,,,1,,1800,,,3000,
3067,,,grass cutting dori,,,,1,,450,,,800,
3068,,,pump drain steel,,,,1,,150,,,250,
3069,,,non open 12w,,,,1,,540,,,850,
3070,,,non open 18w,,,,1,,680,,,1200,
3071,,,non smd 7w,,,,1,,200,,,250,
3072,,,breaker box 4p,,,,1,,150,,,250,
3134,,,y tee pana big,,,,1,,250,,,450,
3135,,,"visi fan dimer 3""x3""",,,,1,,689,,,950,
3136,,,chint tube rod 2feet,,,,1,,500,,,650,
3137,,,chint tube rod 4feet,,,,1,,610,,,950,
3138,,,chint smd 3w,,,,1,,390,,,480,
3139,,,chint smd 5w,,,,1,,415,,,550,
3140,,,shoe 2 pin bull 10L2,,,,1,,110,,,200,
3141,,,shoe 2 pin bull 10L6,,,,1,,170,,,250,
3142,,,bull extention (GN-1040) 3m ,,,,1,,1750,,,2800,
3143,,,water bottle temp,,,,1,,700,,,1200,
3144,,,water bottle,,,,1,,1450,,,1850,
3145,,,"bell cover 6"" (china)",,,,1,,360,,,550,
3146,,,solar conector mc-4,,,,1,,200,,,250,
3147,,,hope bell push single,,,,1,,320,,,480,
2594,,,MT microfiber cloth (N),,,,1,,261,,,450,
2595,,,dc blade coolar,,,,1,,150,,,250,
2596,,,"plier lock 8""",,,,1,,440,,,650,
2597,,,tool bag (s) 1,,,,1,,330,,,350,
2598,,,tool bag (m) 2,,,,1,,430,,,450,
2599,,,tool bag (L) 3,,,,1,,480,,,500,
2600,,,iron national,,,,1,,2300,,,3000,
2601,,,kiwi auto polish tube,,,,1,,300,,,500,
2602,,,ac cable 70/76 (3 core),,,,1,,207,,,350,
2603,,,"dabi machine screw 3/16""x3/8""",,,,1,,162,,,300,
2604,,,"MT scraper 8""x4""",,,,1,,180,,,350,
2605,,,ari 12 small,,,,1,,250,,,400,
2606,,,parda latoo (N),,,,1,,80,,,180,
2607,,,"binding tape 2"" (13 +15 yrd.)",,,,1,,200,,,450,
2608,,,"patra jali 5""",,,,1,,25,,,80,
2609,,,"patra jali 6""",,,,1,,32,,,120,
2610,,,cc,,,,1,,0,,,0,
2611,,,iron braun,,,,1,,1700,,,2500,
2612,,,visi multi light plug 5+1,,,,1,,505,,,750,
2613,,,visi 2+2,,,,1,,416,,,580,
2614,,,"l bracket 5""x 6"" china",,,,1,,70,,,140,
2615,,,"l bracket 6""x 8"" china",,,,1,,92,,,160,
2616,,,"l bracket 8""x 10"" china",,,,1,,100,,,190,
2617,,,"l bracket 10""x 12"" china",,,,1,,135,,,220,
2618,,,"folding bracket 8"" set",,,,1,,690,,,1200,
2619,,,"folding bracket 12"" set",,,,1,,790,,,1600,
2620,,,"folding bracket 15"" set",,,,,,2070,,,2850,
2621,,,"folding bracket 18"" set",,,,1,,2120,,,3000,
2622,,,"wheel 1-1/2"" black (4pcs.set) H",,,,1,,600,,,1200,
2623,,,"wheel 2"" black (4pcs.set) H",,,,1,,700,,,2000,
2624,,,"wheel 3"" black (4pcs.set) H",,,,1,,2100,,,3000,
2625,,,"wheel 3"" red (4pcs.set) H",,,,1,,930,,,2300,
2945,,,goti # 8,,,,1,,81,,,140,
2946,,,goti # 9,,,,1,,81,,,150,
2947,,,goti # 10,,,,1,,81,,,160,
2948,,,goti # 11,,,,1,,81,,,170,
2949,,,goti # 12,,,,1,,81,,,180,
2950,,,goti # 13,,,,1,,81,,,190,
2951,,,goti # 14,,,,1,,81,,,200,
2952,,,goti # 15,,,,1,,81,,,210,
2953,,,goti # 16,,,,1,,81,,,220,
2954,,,goti # 17,,,,1,,90,,,230,
2955,,,goti # 18,,,,1,,101,,,240,
2956,,,goti # 19,,,,1,,101,,,250,
2957,,,goti # 20,,,,1,,120,,,260,
2958,,,l bracket 12+14 china,,,,1,,150,,,250,
2959,,,"l koni 4"" N",,,,1,,4.2,,,30,
2960,,,"l koni 5"" N",,,,1,,18.5,,,40,
2961,,,aa,,,,1,,0,,,0,
2962,,,aa,,,,1,,0,,,0,
2963,,,towel bracket,,,,1,,150,,,250,
2964,,,toilet shower inox,,,,1,,650,,,1100,
2965,,,china bib cock,,,,1,,450,,,650,
2966,,,magic depoxy clear (small),,,,1,,70,,,100,
2967,,,"faco mixer pipe 24""x 50mm single",,,,1,,468,,,750,
2968,,,"faco mixer pipe 24""x 75mm single",,,,1,,510,,,800,
2969,,,"u clamp ruber 4"" set",,,,1,,175,,,250,
2970,,,"u clamp ruber 6"" set",,,,1,,220,,,300,
2971,,,wire lock cycle,,,,1,,240,,,350,
2972,,,taghari plastic,,,,1,,280,,,380,
2973,,,smt flower cutter 1106,,,,1,,675,,,850,
2974,,,smt flower cutter 1107,,,,1,,750,,,1000,
2975,,,eflux mood light adj. 15w,,,,1,,440,,,600,
2976,,,km china button+socket,,,,1,,45,,,80,
3148,,,hero bell push double,,,,1,,432,,,580,
3149,,,super towel rod,,,,1,,700,,,1200,
3150,,,super shisha shelf,,,,1,,700,,,1200,
3151,,,super soap dish,,,,1,,700,,,1000,
3152,,,super towel ring,,,,1,,700,,,1000,
3153,,,super brush holder,,,,1,,700,,,1000,
3154,,,super paper holder,,,,1,,700,,,1000,
3155,,,voltage protector,,,,1,,1800,,,2500,
 ,,,,,,,,,,,,,
,"Saturday, September 12, 2026",,,,,,,,,Page 1 of 1,,,
